file,plate,province,color,source
晋/0261-8_2-194&383_408&485-408&454_202&485_194&414_400&383-5_10_30_29_25_26_1-100-19.jpg,晋L6512B,晋,blue,model/datasets/CCPD2019/ccpd_challenge/0261-8_2-194&383_408&485-408&454_202&485_194&414_400&383-5_10_30_29_25_26_1-100-19.jpg
晋/0206-6_3-145&325_325&421-325&400_150&421_145&346_320&325-5_9_12_22_32_25_26-15-17.jpg,晋KNY812,晋,blue,model/datasets/CCPD2019/ccpd_challenge/0206-6_3-145&325_325&421-325&400_150&421_145&346_320&325-5_9_12_22_32_25_26-15-17.jpg
晋/0208-1_1-269&440_487&520-486&516_269&520_270&444_487&440-5_4_15_30_29_29_29-133-12.jpg,晋ER6555,晋,blue,model/datasets/CCPD2019/ccpd_challenge/0208-1_1-269&440_487&520-486&516_269&520_270&444_487&440-5_4_15_30_29_29_29-133-12.jpg
晋/0217-14_18-217&370_382&480-382&480_222&438_217&370_377&412-5_1_19_29_33_27_26-82-35.jpg,晋BV5932,晋,blue,model/datasets/CCPD2019/ccpd_tilt/0217-14_18-217&370_382&480-382&480_222&438_217&370_377&412-5_1_19_29_33_27_26-82-35.jpg
晋/0189-7_6-207&506_385&595-385&573_208&595_207&528_384&506-5_10_10_10_29_29_25-64-7.jpg,晋LLL551,晋,blue,model/datasets/CCPD2019/ccpd_challenge/0189-7_6-207&506_385&595-385&573_208&595_207&528_384&506-5_10_10_10_29_29_25-64-7.jpg
晋/0489-15_32-270&410_537&563-537&563_296&495_270&410_511&478-5_3_23_32_25_26_25-70-51.jpg,晋DZ8121,晋,blue,model/datasets/CCPD2019/ccpd_tilt/0489-15_32-270&410_537&563-537&563_296&495_270&410_511&478-5_3_23_32_25_26_25-70-51.jpg
晋/0180280172414-90_85-262&503_529&572-518&578_273&580_270&498_515&496-5_0_26_30_21_31_31-171-38.jpg,晋A26X77,晋,blue,model/datasets/CCPD2019/ccpd_base/0180280172414-90_85-262&503_529&572-518&578_273&580_270&498_515&496-5_0_26_30_21_31_31-171-38.jpg
晋/0244-11_14-235&455_419&566-419&566_239&530_235&455_415&491-5_0_33_29_30_9_25-63-16.jpg,晋A956K1,晋,blue,model/datasets/CCPD2019/ccpd_challenge/0244-11_14-235&455_419&566-419&566_239&530_235&455_415&491-5_0_33_29_30_9_25-63-16.jpg
晋/0241-16_31-225&359_402&473-402&473_244&427_225&359_383&405-5_0_25_1_33_30_30-57-79.jpg,晋A1B966,晋,blue,model/datasets/CCPD2019/ccpd_tilt/0241-16_31-225&359_402&473-402&473_244&427_225&359_383&405-5_0_25_1_33_30_30-57-79.jpg
晋/0244-10_14-218&531_407&639-407&639_223&605_218&531_402&565-5_0_23_26_32_32_33-23-17.jpg,晋AZ2889,晋,blue,model/datasets/CCPD2019/ccpd_challenge/0244-10_14-218&531_407&639-407&639_223&605_218&531_402&565-5_0_23_26_32_32_33-23-17.jpg
晋/0170-2_0-264&431_449&508-449&499_268&508_264&440_445&431-5_2_4_30_26_33_29-99-22.jpg,晋CE6295,晋,blue,model/datasets/CCPD2019/ccpd_challenge/0170-2_0-264&431_449&508-449&499_268&508_264&440_445&431-5_2_4_30_26_33_29-99-22.jpg
晋/0046-2_1-205&327_308&365-308&361_207&365_205&331_306&327-5_0_12_24_28_30_7-58-14.jpg,晋AN046H,晋,blue,model/datasets/CCPD2019/ccpd_fn/0046-2_1-205&327_308&365-308&361_207&365_205&331_306&327-5_0_12_24_28_30_7-58-14.jpg
晋/0105639367816-90_90-216&571_412&646-407&646_217&640_224&570_414&576-5_4_22_12_24_29_32-192-28.jpg,晋EYN058,晋,blue,model/datasets/CCPD2019/ccpd_base/0105639367816-90_90-216&571_412&646-407&646_217&640_224&570_414&576-5_4_22_12_24_29_32-192-28.jpg
晋/0456-22_30-232&556_455&727-455&727_245&641_232&556_442&642-5_4_0_5_32_30_30-161-113.jpg,晋EAF866,晋,blue,model/datasets/CCPD2019/ccpd_tilt/0456-22_30-232&556_455&727-455&727_245&641_232&556_442&642-5_4_0_5_32_30_30-161-113.jpg
晋/0212571839081-90_92-251&351_533&447-550&447_250&453_255&351_555&345-5_10_7_23_31_26_33-121-69.jpg,晋LHZ729,晋,blue,model/datasets/CCPD2019/ccpd_base/0212571839081-90_92-251&351_533&447-550&447_250&453_255&351_555&345-5_10_7_23_31_26_33-121-69.jpg
晋/0172653256705-94_87-206&541_431&630-431&637_212&618_210&543_429&562-5_11_21_33_32_31_33-142-37.jpg,晋MX9879,晋,blue,model/datasets/CCPD2019/ccpd_base/0172653256705-94_87-206&541_431&630-431&637_212&618_210&543_429&562-5_11_21_33_32_31_33-142-37.jpg
晋/0152-4_6-307&547_481&620-481&620_310&608_307&547_478&559-5_4_33_7_26_26_26-110-14.jpg,晋E9H222,晋,blue,model/datasets/CCPD2019/ccpd_challenge/0152-4_6-307&547_481&620-481&620_310&608_307&547_478&559-5_4_33_7_26_26_26-110-14.jpg
晋/0482-17_18-243&520_480&690-477&618_243&690_246&592_480&520-5_11_27_10_27_26_24-149-112.jpg,晋M3L320,晋,blue,model/datasets/CCPD2019/ccpd_tilt/0482-17_18-243&520_480&690-477&618_243&690_246&592_480&520-5_11_27_10_27_26_24-149-112.jpg
晋/0485-19_14-274&436_507&610-507&531_283&610_274&515_498&436-5_0_23_18_27_30_31-120-119.jpg,晋AZU367,晋,blue,model/datasets/CCPD2019/ccpd_rotate/0485-19_14-274&436_507&610-507&531_283&610_274&515_498&436-5_0_23_18_27_30_31-120-119.jpg
晋/0676-18_5-354&391_641&588-641&500_379&588_354&479_616&391-5_4_31_25_0_29_32-82-99.jpg,晋E71A58,晋,blue,model/datasets/CCPD2019/ccpd_rotate/0676-18_5-354&391_641&588-641&500_379&588_354&479_616&391-5_4_31_25_0_29_32-82-99.jpg
晋/027030651341-92_87-204&462_491&561-498&569_216&549_205&458_487&478-5_8_22_25_32_28_30-139-39.jpg,晋JY1846,晋,blue,model/datasets/CCPD2019/ccpd_base/027030651341-92_87-204&462_491&561-498&569_216&549_205&458_487&478-5_8_22_25_32_28_30-139-39.jpg
晋/0418103448276-98_73-291&464_595&607-592&610_307&558_297&460_582&512-5_0_23_27_31_32_11-126-155.jpg,晋AZ378M,晋,blue,model/datasets/CCPD2019/ccpd_base/0418103448276-98_73-291&464_595&607-592&610_307&558_297&460_582&512-5_0_23_27_31_32_11-126-155.jpg
晋/0186-7_16-334&422_509&511-509&511_344&489_334&422_499&444-5_11_25_16_33_33_30-17-15.jpg,晋M1S996,晋,blue,model/datasets/CCPD2019/ccpd_db/0186-7_16-334&422_509&511-509&511_344&489_334&422_499&444-5_11_25_16_33_33_30-17-15.jpg
晋/0131-5_1-292&365_447&436-447&421_296&436_292&380_443&365-5_11_15_23_31_32_31-129-43.jpg,晋MRZ787,晋,blue,model/datasets/CCPD2019/ccpd_challenge/0131-5_1-292&365_447&436-447&421_296&436_292&380_443&365-5_11_15_23_31_32_31-129-43.jpg
晋/0272389846743-95_68-185&521_477&627-474&635_225&604_183&512_432&543-5_0_5_6_32_29_32-56-25.jpg,晋AFG858,晋,blue,model/datasets/CCPD2019/ccpd_base/0272389846743-95_68-185&521_477&627-474&635_225&604_183&512_432&543-5_0_5_6_32_29_32-56-25.jpg
晋/0211-0_2-222&515_449&593-446&593_222&593_225&515_449&515-5_3_2_12_25_29_33-101-18.jpg,晋DCN159,晋,blue,model/datasets/CCPD2019/ccpd_challenge/0211-0_2-222&515_449&593-446&593_222&593_225&515_449&515-5_3_2_12_25_29_33-101-18.jpg
晋/0801-21_24-256&417_556&640-556&640_261&521_256&417_551&536-5_0_33_24_32_33_9-85-421.jpg,晋A9089K,晋,blue,model/datasets/CCPD2019/ccpd_tilt/0801-21_24-256&417_556&640-556&640_261&521_256&417_551&536-5_0_33_24_32_33_9-85-421.jpg
晋/0887-21_16-208&301_522&537-513&537_208&418_217&301_522&420-5_0_33_24_25_9_32-89-351.jpg,晋A901K8,晋,blue,model/datasets/CCPD2019/ccpd_rotate/0887-21_16-208&301_522&537-513&537_208&418_217&301_522&420-5_0_33_24_25_9_32-89-351.jpg
晋/01061901341-90_87-159&486_347&556-349&554_162&552_165&486_352&488-5_1_14_0_27_32_27-88-81.jpg,晋BQA383,晋,blue,model/datasets/CCPD2019/ccpd_base/01061901341-90_87-159&486_347&556-349&554_162&552_165&486_352&488-5_1_14_0_27_32_27-88-81.jpg
晋/0318-17_22-296&462_493&597-493&597_303&537_296&462_486&522-5_1_31_32_27_24_28-102-204.jpg,晋B78304,晋,blue,model/datasets/CCPD2019/ccpd_tilt/0318-17_22-296&462_493&597-493&597_303&537_296&462_486&522-5_1_31_32_27_24_28-102-204.jpg
晋/0296-17_22-124&469_309&603-309&603_131&548_124&469_302&524-5_10_27_8_29_24_33-107-38.jpg,晋L3J509,晋,blue,model/datasets/CCPD2019/ccpd_tilt/0296-17_22-124&469_309&603-309&603_131&548_124&469_302&524-5_10_27_8_29_24_33-107-38.jpg
晋/0112356321839-90_85-244&461_460&521-471&522_245&523_235&453_461&452-5_4_1_32_25_25_29-169-34.jpg,晋EB8115,晋,blue,model/datasets/CCPD2019/ccpd_base/0112356321839-90_85-244&461_460&521-471&522_245&523_235&453_461&452-5_4_1_32_25_25_29-169-34.jpg
晋/0483-0_1-150&461_492&579-490&577_150&579_152&463_492&461-5_3_23_33_33_30_32-110-46.jpg,晋DZ9968,晋,blue,model/datasets/CCPD2019/ccpd_weather/0483-0_1-150&461_492&579-490&577_150&579_152&463_492&461-5_3_23_33_33_30_32-110-46.jpg
晋/0212-10_14-354&557_525&661-521&629_354&661_358&589_525&557-5_2_24_26_28_28_2-12-8.jpg,晋C0244C,晋,blue,model/datasets/CCPD2019/ccpd_db/0212-10_14-354&557_525&661-521&629_354&661_358&589_525&557-5_2_24_26_28_28_2-12-8.jpg
晋/0461-29_17-363&283_569&470-553&470_363&364_379&283_569&389-5_0_27_18_28_33_32-53-36.jpg,晋A3U498,晋,blue,model/datasets/CCPD2019/ccpd_rotate/0461-29_17-363&283_569&470-553&470_363&364_379&283_569&389-5_0_27_18_28_33_32-53-36.jpg
晋/0246-17_7-216&289_378&416-378&368_230&416_216&337_364&289-5_4_31_33_29_30_26-61-45.jpg,晋E79562,晋,blue,model/datasets/CCPD2019/ccpd_rotate/0246-17_7-216&289_378&416-378&368_230&416_216&337_364&289-5_4_31_33_29_30_26-61-45.jpg
晋/0223-15_15-259&452_426&564-426&564_259&518_259&452_426&498-5_4_32_24_31_31_33-69-156.jpg,晋E80779,晋,blue,model/datasets/CCPD2019/ccpd_tilt/0223-15_15-259&452_426&564-426&564_259&518_259&452_426&498-5_4_32_24_31_31_33-69-156.jpg
晋/0248922413793-93_75-220&472_513&581-506&596_233&565_215&468_488&499-5_4_3_16_27_30_33-158-78.jpg,晋EDS369,晋,blue,model/datasets/CCPD2019/ccpd_base/0248922413793-93_75-220&472_513&581-506&596_233&565_215&468_488&499-5_4_3_16_27_30_33-158-78.jpg
晋/0292-16_16-227&330_409&464-408&464_227&409_228&330_409&385-5_4_9_24_29_24_25-132-63.jpg,晋EK0501,晋,blue,model/datasets/CCPD2019/ccpd_tilt/0292-16_16-227&330_409&464-408&464_227&409_228&330_409&385-5_4_9_24_29_24_25-132-63.jpg
晋/0247-4_3-249&465_460&563-460&545_251&563_249&483_458&465-5_4_21_13_32_32_33-144-24.jpg,晋EXP889,晋,blue,model/datasets/CCPD2019/ccpd_challenge/0247-4_3-249&465_460&563-460&545_251&563_249&483_458&465-5_4_21_13_32_32_33-144-24.jpg
晋/0879-18_15-170&394_495&620-488&620_170&511_177&394_495&503-5_8_13_27_27_31_31-91-229.jpg,晋JP3377,晋,blue,model/datasets/CCPD2019/ccpd_tilt/0879-18_15-170&394_495&620-488&620_170&511_177&394_495&503-5_8_13_27_27_31_31-91-229.jpg
晋/0439-0_0-208&516_519&634-519&634_208&632_208&516_519&518-5_0_3_9_25_31_24-144-8.jpg,晋ADK170,晋,blue,model/datasets/CCPD2019/ccpd_challenge/0439-0_0-208&516_519&634-519&634_208&632_208&516_519&518-5_0_3_9_25_31_24-144-8.jpg
晋/0166-0_2-246&486_448&555-444&555_246&552_250&486_448&489-5_4_11_5_29_30_31-32-11.jpg,晋EMF567,晋,blue,model/datasets/CCPD2019/ccpd_db/0166-0_2-246&486_448&555-444&555_246&552_250&486_448&489-5_4_11_5_29_30_31-32-11.jpg
晋/0443007662835-87_90-261&366_591&506-592&471_270&508_267&391_589&354-5_2_25_24_33_25_3-106-83.jpg,晋C1091D,晋,blue,model/datasets/CCPD2019/ccpd_base/0443007662835-87_90-261&366_591&506-592&471_270&508_267&391_589&354-5_2_25_24_33_25_3-106-83.jpg
晋/0433-21_35-98&465_327&623-327&623_118&542_98&465_307&546-5_10_4_10_32_26_27-67-90.jpg,晋LEL823,晋,blue,model/datasets/CCPD2019/ccpd_tilt/0433-21_35-98&465_327&623-327&623_118&542_98&465_307&546-5_10_4_10_32_26_27-67-90.jpg
晋/0613-16_22-336&545_624&723-614&639_336&723_346&629_624&545-5_0_1_28_33_25_0-79-170.jpg,晋AB491A,晋,blue,model/datasets/CCPD2019/ccpd_tilt/0613-16_22-336&545_624&723-614&639_336&723_346&629_624&545-5_0_1_28_33_25_0-79-170.jpg
晋/0225-16_15-435&527_597&643-596&643_435&595_436&527_597&575-5_1_2_19_29_30_31-117-76.jpg,晋BCV567,晋,blue,model/datasets/CCPD2019/ccpd_tilt/0225-16_15-435&527_597&643-596&643_435&595_436&527_597&575-5_1_2_19_29_30_31-117-76.jpg
晋/0364-2_0-242&486_514&598-510&598_242&587_246&486_514&497-5_0_26_27_6_31_32-25-7.jpg,晋A23G78,晋,blue,model/datasets/CCPD2019/ccpd_db/0364-2_0-242&486_514&598-510&598_242&587_246&486_514&497-5_0_26_27_6_31_32-25-7.jpg
晋/0428-14_15-264&469_509&615-509&615_266&553_264&469_507&531-5_0_17_27_33_29_10-79-193.jpg,晋AT395L,晋,blue,model/datasets/CCPD2019/ccpd_tilt/0428-14_15-264&469_509&615-509&615_266&553_264&469_507&531-5_0_17_27_33_29_10-79-193.jpg
晋/0109027777778-93_86-371&455_542&532-545&535_370&518_372&455_547&472-5_8_9_19_26_30_26-130-49.jpg,晋JKV262,晋,blue,model/datasets/CCPD2019/ccpd_base/0109027777778-93_86-371&455_542&532-545&535_370&518_372&455_547&472-5_8_9_19_26_30_26-130-49.jpg
晋/0130-2_6-177&476_337&544-337&544_181&537_177&476_333&483-5_0_19_26_30_30_3-99-17.jpg,晋AV266D,晋,blue,model/datasets/CCPD2019/ccpd_challenge/0130-2_6-177&476_337&544-337&544_181&537_177&476_333&483-5_0_19_26_30_30_3-99-17.jpg
晋/0078-0_5-265&449_401&497-397&496_265&497_269&450_401&449-5_9_32_11_33_25_32-51-21.jpg,晋K8M918,晋,blue,model/datasets/CCPD2019/ccpd_fn/0078-0_5-265&449_401&497-397&496_265&497_269&450_401&449-5_9_32_11_33_25_32-51-21.jpg
晋/0356-20_19-172&371_358&531-355&531_172&461_175&371_358&441-5_4_9_14_32_24_32-64-79.jpg,晋EKQ808,晋,blue,model/datasets/CCPD2019/ccpd_rotate/0356-20_19-172&371_358&531-355&531_172&461_175&371_358&441-5_4_9_14_32_24_32-64-79.jpg
晋/0351-7_22-210&466_463&582-463&582_232&550_210&466_441&498-5_11_11_12_33_32_24-33-18.jpg,晋MMN980,晋,blue,model/datasets/CCPD2019/ccpd_db/0351-7_22-210&466_463&582-463&582_232&550_210&466_441&498-5_11_11_12_33_32_24-33-18.jpg
晋/0640-20_17-226&466_496&664-490&664_226&563_232&466_496&567-5_0_23_6_25_27_26-121-92.jpg,晋AZG132,晋,blue,model/datasets/CCPD2019/ccpd_tilt/0640-20_17-226&466_496&664-490&664_226&563_232&466_496&567-5_0_23_6_25_27_26-121-92.jpg
晋/0109-1_4-254&508_412&566-406&566_254&562_260&508_412&512-5_7_8_24_33_25_24-156-27.jpg,晋HJ0910,晋,blue,model/datasets/CCPD2019/ccpd_challenge/0109-1_4-254&508_412&566-406&566_254&562_260&508_412&512-5_7_8_24_33_25_24-156-27.jpg
晋/0406-17_22-404&528_629&679-629&679_410&608_404&528_623&599-5_5_4_27_30_33_26-183-189.jpg,晋FE3692,晋,blue,model/datasets/CCPD2019/ccpd_tilt/0406-17_22-404&528_629&679-629&679_410&608_404&528_623&599-5_5_4_27_30_33_26-183-189.jpg
晋/0515-28_22-228&409_439&613-429&613_228&503_238&409_439&519-5_4_33_29_30_29_24-125-183.jpg,晋E95650,晋,blue,model/datasets/CCPD2019/ccpd_tilt/0515-28_22-228&409_439&613-429&613_228&503_238&409_439&519-5_4_33_29_30_29_24-125-183.jpg
晋/0497-25_27-298&469_510&665-510&665_303&568_298&469_505&566-5_0_29_25_27_32_22-76-142.jpg,晋A5138Y,晋,blue,model/datasets/CCPD2019/ccpd_tilt/0497-25_27-298&469_510&665-510&665_303&568_298&469_505&566-5_0_29_25_27_32_22-76-142.jpg
晋/0221455938697-90_91-244&466_549&548-560&550_248&551_246&464_558&463-5_5_23_25_28_32_33-142-33.jpg,晋FZ1489,晋,blue,model/datasets/CCPD2019/ccpd_base/0221455938697-90_91-244&466_549&548-560&550_248&551_246&464_558&463-5_5_23_25_28_32_33-142-33.jpg
晋/0053-0_1-297&465_405&506-405&506_298&505_297&465_404&466-5_0_1_24_25_31_2-54-10.jpg,晋AB017C,晋,blue,model/datasets/CCPD2019/ccpd_challenge/0053-0_1-297&465_405&506-405&506_298&505_297&465_404&466-5_0_1_24_25_31_2-54-10.jpg
晋/0045-4_10-328&464_413&509-409&502_328&509_332&471_413&464-5_3_2_22_33_28_29-109-29.jpg,晋DCY945,晋,blue,model/datasets/CCPD2019/ccpd_challenge/0045-4_10-328&464_413&509-409&502_328&509_332&471_413&464-5_3_2_22_33_28_29-109-29.jpg
晋/0097-1_1-231&496_376&552-376&552_231&548_231&496_376&500-5_0_30_31_23_26_27-100-22.jpg,晋A67Z23,晋,blue,model/datasets/CCPD2019/ccpd_challenge/0097-1_1-231&496_376&552-376&552_231&548_231&496_376&500-5_0_30_31_23_26_27-100-22.jpg
晋/0581-7_14-192&452_476&623-460&586_192&623_208&489_476&452-5_4_23_25_26_29_31-95-3.jpg,晋EZ1257,晋,blue,model/datasets/CCPD2019/ccpd_challenge/0581-7_14-192&452_476&623-460&586_192&623_208&489_476&452-5_4_23_25_26_29_31-95-3.jpg
晋/0191-11_1-234&452_406&545-406&511_245&545_234&486_395&452-5_0_3_31_27_27_23-30-39.jpg,晋AD733Z,晋,blue,model/datasets/CCPD2019/ccpd_db/0191-11_1-234&452_406&545-406&511_245&545_234&486_395&452-5_0_3_31_27_27_23-30-39.jpg
晋/0537-0_3-169&455_525&581-519&575_169&581_175&461_525&455-5_0_26_30_19_29_27-219-56.jpg,晋A26V53,晋,blue,model/datasets/CCPD2019/ccpd_db/0537-0_3-169&455_525&581-519&575_169&581_175&461_525&455-5_0_26_30_19_29_27-219-56.jpg
晋/0384-14_28-56&415_284&556-284&556_77&502_56&415_263&469-5_5_9_26_25_25_33-96-104.jpg,晋FK2119,晋,blue,model/datasets/CCPD2019/ccpd_tilt/0384-14_28-56&415_284&556-284&556_77&502_56&415_263&469-5_5_9_26_25_25_33-96-104.jpg
晋/0109-2_0-353&412_500&474-500&468_356&474_353&418_497&412-5_2_9_24_26_32_29-124-20.jpg,晋CK0285,晋,blue,model/datasets/CCPD2019/ccpd_challenge/0109-2_0-353&412_500&474-500&468_356&474_353&418_497&412-5_2_9_24_26_32_29-124-20.jpg
晋/0798-25_13-82&434_377&660-357&660_82&530_102&434_377&564-5_1_19_32_25_32_31-98-48.jpg,晋BV8187,晋,blue,model/datasets/CCPD2019/ccpd_rotate/0798-25_13-82&434_377&660-357&660_82&530_102&434_377&564-5_1_19_32_25_32_31-98-48.jpg
晋/0115-6_0-342&319_486&386-481&386_342&370_347&319_486&335-5_1_0_2_33_33_25-148-23.jpg,晋BAC991,晋,blue,model/datasets/CCPD2019/ccpd_challenge/0115-6_0-342&319_486&386-481&386_342&370_347&319_486&335-5_1_0_2_33_33_25-148-23.jpg
晋/0159-5_7-401&434_572&512-572&512_403&495_401&434_570&451-5_3_30_8_32_27_32-160-39.jpg,晋D6J838,晋,blue,model/datasets/CCPD2019/ccpd_challenge/0159-5_7-401&434_572&512-572&512_403&495_401&434_570&451-5_3_30_8_32_27_32-160-39.jpg
晋/015161637931-87_91-273&499_478&573-483&560_282&574_279&508_480&494-5_0_4_24_27_30_15-148-50.jpg,晋AE036R,晋,blue,model/datasets/CCPD2019/ccpd_base/015161637931-87_91-273&499_478&573-483&560_282&574_279&508_480&494-5_0_4_24_27_30_15-148-50.jpg
晋/0739-21_18-137&437_419&656-414&656_137&547_142&437_419&546-5_10_29_24_21_27_31-146-193.jpg,晋L50X37,晋,blue,model/datasets/CCPD2019/ccpd_rotate/0739-21_18-137&437_419&656-414&656_137&547_142&437_419&546-5_10_29_24_21_27_31-146-193.jpg
晋/0382-14_28-292&555_525&692-525&692_313&639_292&555_504&608-5_0_11_12_30_28_32-105-134.jpg,晋AMN648,晋,blue,model/datasets/CCPD2019/ccpd_tilt/0382-14_28-292&555_525&692-525&692_313&639_292&555_504&608-5_0_11_12_30_28_32-105-134.jpg
晋/0328-17_26-312&393_511&531-500&470_312&531_323&454_511&393-5_0_18_30_30_31_5-101-50.jpg,晋AU667F,晋,blue,model/datasets/CCPD2019/ccpd_tilt/0328-17_26-312&393_511&531-500&470_312&531_323&454_511&393-5_0_18_30_30_31_5-101-50.jpg
晋/0181-2_3-226&483_425&559-418&559_226&552_233&483_425&490-5_2_0_27_26_31_25-100-18.jpg,晋CA3271,晋,blue,model/datasets/CCPD2019/ccpd_challenge/0181-2_3-226&483_425&559-418&559_226&552_233&483_425&490-5_2_0_27_26_31_25-100-18.jpg
晋/0297-6_8-177&431_421&533-421&509_197&533_177&455_401&431-5_0_24_32_25_10_33-43-8.jpg,晋A081L9,晋,blue,model/datasets/CCPD2019/ccpd_challenge/0297-6_8-177&431_421&533-421&509_197&533_177&455_401&431-5_0_24_32_25_10_33-43-8.jpg
晋/0427-20_4-345&465_574&621-551&621_345&545_368&465_574&541-5_11_9_31_31_29_32-88-75.jpg,晋MK7758,晋,blue,model/datasets/CCPD2019/ccpd_rotate/0427-20_4-345&465_574&621-551&621_345&545_368&465_574&541-5_11_9_31_31_29_32-88-75.jpg
晋/0205-3_8-209&484_402&573-402&573_216&563_209&484_395&494-5_3_20_10_32_24_30-64-11.jpg,晋DWL806,晋,blue,model/datasets/CCPD2019/ccpd_challenge/0205-3_8-209&484_402&573-402&573_216&563_209&484_395&494-5_3_20_10_32_24_30-64-11.jpg
晋/0262-18_17-249&480_419&609-419&553_250&609_249&536_418&480-5_1_4_31_30_28_32-104-158.jpg,晋BE7648,晋,blue,model/datasets/CCPD2019/ccpd_rotate/0262-18_17-249&480_419&609-419&553_250&609_249&536_418&480-5_1_4_31_30_28_32-104-158.jpg
晋/0376-21_19-239&345_433&507-431&507_239&433_241&345_433&419-5_0_5_21_30_30_32-115-164.jpg,晋AFX668,晋,blue,model/datasets/CCPD2019/ccpd_rotate/0376-21_19-239&345_433&507-431&507_239&433_241&345_433&419-5_0_5_21_30_30_32-115-164.jpg
晋/0227011494253-92_93-246&443_504&539-498&539_247&525_260&438_511&452-5_9_10_32_32_27_29-59-16.jpg,晋KL8835,晋,blue,model/datasets/CCPD2019/ccpd_base/0227011494253-92_93-246&443_504&539-498&539_247&525_260&438_511&452-5_9_10_32_32_27_29-59-16.jpg
晋/0954-20_27-192&432_527&670-527&670_206&548_192&432_513&554-5_0_11_24_30_26_8-77-263.jpg,晋AM062J,晋,blue,model/datasets/CCPD2019/ccpd_fn/0954-20_27-192&432_527&670-527&670_206&548_192&432_513&554-5_0_11_24_30_26_8-77-263.jpg
晋/0062344348659-93_86-223&472_372&543-365&533_237&522_240&480_368&491-5_2_3_30_31_32_30-101-33.jpg,晋CD6786,晋,blue,model/datasets/CCPD2019/ccpd_base/0062344348659-93_86-223&472_372&543-365&533_237&522_240&480_368&491-5_2_3_30_31_32_30-101-33.jpg
晋/0354-19_17-370&442_570&590-568&590_370&521_372&442_570&511-5_0_32_25_4_29_31-140-109.jpg,晋A81E57,晋,blue,model/datasets/CCPD2019/ccpd_tilt/0354-19_17-370&442_570&590-568&590_370&521_372&442_570&511-5_0_32_25_4_29_31-140-109.jpg
晋/0155-4_0-266&442_435&519-431&519_266&506_270&442_435&455-5_4_22_22_28_27_29-108-16.jpg,晋EYY435,晋,blue,model/datasets/CCPD2019/ccpd_challenge/0155-4_0-266&442_435&519-431&519_266&506_270&442_435&455-5_4_22_22_28_27_29-108-16.jpg
晋/0423-20_18-241&468_458&631-455&631_241&549_244&468_458&550-5_2_21_32_25_32_25-46-48.jpg,晋CX8181,晋,blue,model/datasets/CCPD2019/ccpd_tilt/0423-20_18-241&468_458&631-455&631_241&549_244&468_458&550-5_2_21_32_25_32_25-46-48.jpg
晋/0680-17_19-233&437_523&633-523&633_237&544_233&437_519&526-5_0_29_31_7_31_32-77-149.jpg,晋A57H78,晋,blue,model/datasets/CCPD2019/ccpd_tilt/0680-17_19-233&437_523&633-523&633_237&544_233&437_519&526-5_0_29_31_7_31_32-77-149.jpg
晋/0070-0_0-353&352_487&396-487&395_354&396_353&353_486&352-5_11_9_19_29_25_25-81-9.jpg,晋MKV511,晋,blue,model/datasets/CCPD2019/ccpd_fn/0070-0_0-353&352_487&396-487&395_354&396_353&353_486&352-5_11_9_19_29_25_25-81-9.jpg
晋/0826-4_7-153&457_545&633-545&633_160&604_153&457_538&486-5_11_29_23_30_27_30-225-38.jpg,晋M5Z636,晋,blue,model/datasets/CCPD2019/ccpd_db/0826-4_7-153&457_545&633-545&633_160&604_153&457_538&486-5_11_29_23_30_27_30-225-38.jpg
晋/0377-21_14-345&514_546&671-535&671_345&595_356&514_546&590-5_0_29_26_18_27_27-93-130.jpg,晋A52U33,晋,blue,model/datasets/CCPD2019/ccpd_rotate/0377-21_14-345&514_546&671-535&671_345&595_356&514_546&590-5_0_29_26_18_27_27-93-130.jpg
晋/0416-14_23-165&562_408&705-408&705_180&648_165&562_393&619-5_0_1_30_31_30_12-77-81.jpg,晋AB676N,晋,blue,model/datasets/CCPD2019/ccpd_tilt/0416-14_23-165&562_408&705-408&705_180&648_165&562_393&619-5_0_1_30_31_30_12-77-81.jpg
晋/0295977011495-98_67-172&514_432&636-424&634_186&592_165&509_403&551-5_4_14_1_31_27_24-58-26.jpg,晋EQB730,晋,blue,model/datasets/CCPD2019/ccpd_base/0295977011495-98_67-172&514_432&636-424&634_186&592_165&509_403&551-5_4_14_1_31_27_24-58-26.jpg
晋/0227-15_16-214&480_378&596-378&596_215&550_214&480_377&526-5_1_8_10_33_31_26-61-23.jpg,晋BJL972,晋,blue,model/datasets/CCPD2019/ccpd_rotate/0227-15_16-214&480_378&596-378&596_215&550_214&480_377&526-5_1_8_10_33_31_26-61-23.jpg
晋/0354322318007-94_77-229&376_536&509-546&511_241&470_233&373_538&414-5_0_32_25_25_24_25-63-70.jpg,晋A81101,晋,blue,model/datasets/CCPD2019/ccpd_base/0354322318007-94_77-229&376_536&509-546&511_241&470_233&373_538&414-5_0_32_25_25_24_25-63-70.jpg
晋/0389-31_25-271&291_447&476-438&476_271&373_280&291_447&394-5_8_13_29_27_30_30-65-136.jpg,晋JP5366,晋,blue,model/datasets/CCPD2019/ccpd_tilt/0389-31_25-271&291_447&476-438&476_271&373_280&291_447&394-5_8_13_29_27_30_30-65-136.jpg
晋/021252394636-90_91-236&431_524&525-520&520_252&527_257&437_525&430-5_0_25_26_24_5_32-48-11.jpg,晋A120F8,晋,blue,model/datasets/CCPD2019/ccpd_base/021252394636-90_91-236&431_524&525-520&520_252&527_257&437_525&430-5_0_25_26_24_5_32-48-11.jpg
晋/0530-14_22-116&560_391&721-391&721_128&652_116&560_379&629-5_4_17_16_32_30_32-83-96.jpg,晋ETS868,晋,blue,model/datasets/CCPD2019/ccpd_tilt/0530-14_22-116&560_391&721-391&721_128&652_116&560_379&629-5_4_17_16_32_30_32-83-96.jpg
晋/0092-0_1-308&550_457&602-457&602_309&601_308&550_456&551-5_0_2_30_25_31_1-68-27.jpg,晋AC617B,晋,blue,model/datasets/CCPD2019/ccpd_challenge/0092-0_1-308&550_457&602-457&602_309&601_308&550_456&551-5_0_2_30_25_31_1-68-27.jpg
晋/0265-2_13-232&483_468&577-468&577_247&566_232&483_453&494-5_0_20_32_32_30_32-28-12.jpg,晋AW8868,晋,blue,model/datasets/CCPD2019/ccpd_db/0265-2_13-232&483_468&577-468&577_247&566_232&483_453&494-5_0_20_32_32_30_32-28-12.jpg
皖/0658745659722-92_89-107&442_574&584-573&584_123&565_107&442_574&450-0_0_3_24_30_25_29_25-116-332.jpg,皖AD06151,皖,green,model/datasets/CCPD2020/ccpd_green/val/0658745659722-92_89-107&442_574&584-573&584_123&565_107&442_574&450-0_0_3_24_30_25_29_25-116-332.jpg
皖/03574712643678161-93_251-187&470_498&575-498&575_206&547_187&470_482&491-0_0_3_27_30_25_32_32-79-112.jpg,皖AD36188,皖,green,model/datasets/CCPD2020/ccpd_green/test/03574712643678161-93_251-187&470_498&575-498&575_206&547_187&470_482&491-0_0_3_27_30_25_32_32-79-112.jpg
皖/07497605363984675-90_90-78&517_583&653-565&653_78&647_78&517_583&517-0_0_3_32_33_27_29_32-75-563.jpg,皖AD89358,皖,green,model/datasets/CCPD2020/ccpd_green/test/07497605363984675-90_90-78&517_583&653-565&653_78&647_78&517_583&517-0_0_3_32_33_27_29_32-75-563.jpg
皖/06875-91_253-68&505_590&625-579&625_93&602_68&505_590&517-0_0_3_26_29_32_29_29-122-314.jpg,皖AD25855,皖,green,model/datasets/CCPD2020/ccpd_green/test/06875-91_253-68&505_590&625-579&625_93&602_68&505_590&517-0_0_3_26_29_32_29_29-122-314.jpg
沪/0293576388889-90_93-216&460_520&558-516&558_216&558_223&460_520&466-1_0_5_1_32_32_24_25-145-57.jpg,沪AFB8801,沪,green,model/datasets/CCPD2020/ccpd_green/train/0293576388889-90_93-216&460_520&558-516&558_216&558_223&460_520&466-1_0_5_1_32_32_24_25-145-57.jpg
沪/0223090277778-91_259-270&403_527&491-527&491_282&481_270&403_524&410-1_0_3_30_26_30_26_32-188-105.jpg,沪AD62628,沪,green,model/datasets/CCPD2020/ccpd_green/train/0223090277778-91_259-270&403_527&491-527&491_282&481_270&403_524&410-1_0_3_30_26_30_26_32-188-105.jpg
沪/025547960069444445-91_250-217&479_494&572-494&572_241&557_217&479_480&485-1_0_3_30_25_32_26_32-141-112.jpg,沪AD61828,沪,green,model/datasets/CCPD2020/ccpd_green/train/025547960069444445-91_250-217&479_494&572-494&572_241&557_217&479_480&485-1_0_3_30_25_32_26_32-141-112.jpg
沪/009137931034482759-90_266-307&558_466&610-462&610_307&610_310&558_466&559-1_0_3_4_25_25_24_31-97-62.jpg,沪ADE1107,沪,green,model/datasets/CCPD2020/ccpd_green/test/009137931034482759-90_266-307&558_466&610-462&610_307&610_310&558_466&559-1_0_3_4_25_25_24_31-97-62.jpg
津/041666666666666664-90_263-127&511_475&620-475&616_138&620_127&512_470&511-2_0_5_25_29_28_32_32-140-714.jpg,津AF15488,津,green,model/datasets/CCPD2020/ccpd_green/test/041666666666666664-90_263-127&511_475&620-475&616_138&620_127&512_470&511-2_0_5_25_29_28_32_32-140-714.jpg
津/04083333333333333-90_257-156&489_562&581-554&576_174&581_156&489_562&490-2_0_3_31_29_26_29_25-172-21.jpg,津AD75251,津,green,model/datasets/CCPD2020/ccpd_green/test/04083333333333333-90_257-156&489_562&581-554&576_174&581_156&489_562&490-2_0_3_31_29_26_29_25-172-21.jpg
津/0376-23_24-306&369_490&540-490&540_307&459_306&369_489&450-2_9_6_30_24_30_26-64-29.jpg,津KG6062,津,blue,model/datasets/CCPD2019/ccpd_tilt/0376-23_24-306&369_490&540-490&540_307&459_306&369_489&450-2_9_6_30_24_30_26-64-29.jpg
津/0727-18_13-184&565_485&767-476&767_184&671_193&565_485&661-2_0_6_18_24_24_26-103-275.jpg,津AGU002,津,blue,model/datasets/CCPD2019/ccpd_rotate/0727-18_13-184&565_485&767-476&767_184&671_193&565_485&661-2_0_6_18_24_24_26-103-275.jpg
渝/0377574233717-98_72-104&512_378&659-391&655_126&615_99&504_364&544-3_0_27_33_23_25_27-52-63.jpg,渝A39Z13,渝,blue,model/datasets/CCPD2019/ccpd_base/0377574233717-98_72-104&512_378&659-391&655_126&615_99&504_364&544-3_0_27_33_23_25_27-52-63.jpg
渝/0377298850574-90_92-175&430_505&568-501&553_193&561_198&441_506&433-3_3_14_31_26_26_26-74-22.jpg,渝DQ7222,渝,blue,model/datasets/CCPD2019/ccpd_base/0377298850574-90_92-175&430_505&568-501&553_193&561_198&441_506&433-3_3_14_31_26_26_26-74-22.jpg
渝/0188793103448-90_92-317&468_547&559-555&550_322&551_332&462_565&461-3_1_33_32_31_2_31-113-18.jpg,渝B987C7,渝,blue,model/datasets/CCPD2019/ccpd_base/0188793103448-90_92-317&468_547&559-555&550_322&551_332&462_565&461-3_1_33_32_31_2_31-113-18.jpg
渝/0508-18_8-273&337_520&509-520&432_290&509_273&414_503&337-3_5_26_4_27_27_27-162-141.jpg,渝F2E333,渝,blue,model/datasets/CCPD2019/ccpd_rotate/0508-18_8-273&337_520&509-520&432_290&509_273&414_503&337-3_5_26_4_27_27_27-162-141.jpg
冀/0076-3_3-279&466_400&519-400&511_279&519_279&474_400&466-4_0_20_27_33_26_20-136-27.jpg,冀AW392W,冀,blue,model/datasets/CCPD2019/ccpd_challenge/0076-3_3-279&466_400&519-400&511_279&519_279&474_400&466-4_0_20_27_33_26_20-136-27.jpg
冀/0106-3_1-312&442_458&503-456&503_312&493_314&442_458&452-4_0_11_33_30_26_13-38-8.jpg,冀AM962P,冀,blue,model/datasets/CCPD2019/ccpd_challenge/0106-3_1-312&442_458&503-456&503_312&493_314&442_458&452-4_0_11_33_30_26_13-38-8.jpg
冀/0148826628352-90_93-361&329_605&392-598&404_360&397_369&321_607&328-4_4_0_19_25_33_24-179-18.jpg,冀EAV190,冀,blue,model/datasets/CCPD2019/ccpd_base/0148826628352-90_93-361&329_605&392-598&404_360&397_369&321_607&328-4_4_0_19_25_33_24-179-18.jpg
冀/0585-21_43-240&435_500&623-500&623_279&534_240&435_461&524-4_8_22_16_32_29_32-105-52.jpg,冀JYS858,冀,blue,model/datasets/CCPD2019/ccpd_tilt/0585-21_43-240&435_500&623-500&623_279&534_240&435_461&524-4_8_22_16_32_29_32-105-52.jpg
蒙/0117049808429-90_89-362&463_574&535-564&534_363&529_365&462_566&467-6_10_7_9_33_29_33-186-22.jpg,蒙LHK959,蒙,blue,model/datasets/CCPD2019/ccpd_base/0117049808429-90_89-362&463_574&535-564&534_363&529_365&462_566&467-6_10_7_9_33_29_33-186-22.jpg
蒙/0475933908046-86_94-214&456_572&594-572&572_223&601_227&474_576&445-6_9_23_22_33_27_30-121-141.jpg,蒙KZY936,蒙,blue,model/datasets/CCPD2019/ccpd_base/0475933908046-86_94-214&456_572&594-572&572_223&601_227&474_576&445-6_9_23_22_33_27_30-121-141.jpg
蒙/0747-4_11-124&448_567&589-567&589_136&553_124&448_555&484-6_6_16_30_30_31_32-78-288.jpg,蒙GS6678,蒙,blue,model/datasets/CCPD2019/ccpd_fn/0747-4_11-124&448_567&589-567&589_136&553_124&448_555&484-6_6_16_30_30_31_32-78-288.jpg
辽/0457-21_17-269&411_494&581-489&581_269&495_274&411_494&497-7_2_0_2_29_25_26-58-101.jpg,辽CAC512,辽,blue,model/datasets/CCPD2019/ccpd_rotate/0457-21_17-269&411_494&581-489&581_269&495_274&411_494&497-7_2_0_2_29_25_26-58-101.jpg
辽/0547-19_20-195&381_449&561-449&561_197&474_195&381_447&468-7_2_29_3_33_25_24-86-135.jpg,辽C5D910,辽,blue,model/datasets/CCPD2019/ccpd_tilt/0547-19_20-195&381_449&561-449&561_197&474_195&381_447&468-7_2_29_3_33_25_24-86-135.jpg
辽/0521-15_29-166&443_445&599-445&599_187&527_166&443_424&515-7_0_33_27_27_6_4-125-56.jpg,辽A933GE,辽,blue,model/datasets/CCPD2019/ccpd_tilt/0521-15_29-166&443_445&599-445&599_187&527_166&443_424&515-7_0_33_27_27_6_4-125-56.jpg
吉/0198-1_0-253&454_453&537-451&537_253&531_255&454_453&460-8_0_18_27_33_30_4-149-16.jpg,吉AU396E,吉,blue,model/datasets/CCPD2019/ccpd_challenge/0198-1_0-253&454_453&537-451&537_253&531_255&454_453&460-8_0_18_27_33_30_4-149-16.jpg
吉/0129-7_3-460&474_610&546-606&546_460&526_464&474_610&494-8_0_7_27_30_30_12-99-33.jpg,吉AH366N,吉,blue,model/datasets/CCPD2019/ccpd_challenge/0129-7_3-460&474_610&546-606&546_460&526_464&474_610&494-8_0_7_27_30_30_12-99-33.jpg
吉/0291-11_17-178&383_381&503-381&503_187&464_178&383_372&422-8_7_7_6_28_33_33-32-89.jpg,吉HHG499,吉,blue,model/datasets/CCPD2019/ccpd_db/0291-11_17-178&383_381&503-381&503_187&464_178&383_372&422-8_7_7_6_28_33_33-32-89.jpg
黑/0067-0_1-323&498_451&542-451&542_324&542_323&498_450&498-9_0_31_14_29_30_25-55-17.jpg,黑A7Q561,黑,blue,model/datasets/CCPD2019/ccpd_challenge/0067-0_1-323&498_451&542-451&542_324&542_323&498_450&498-9_0_31_14_29_30_25-55-17.jpg
黑/0071-2_2-228&339_348&389-344&389_228&383_232&339_348&345-9_0_29_25_26_13_6-99-9.jpg,黑A512PG,黑,blue,model/datasets/CCPD2019/ccpd_challenge/0071-2_2-228&339_348&389-344&389_228&383_232&339_348&345-9_0_29_25_26_13_6-99-9.jpg
黑/0106-8_9-221&600_352&668-352&668_222&649_221&600_351&619-9_0_24_30_33_16_12-91-45.jpg,黑A069SN,黑,blue,model/datasets/CCPD2019/ccpd_challenge/0106-8_9-221&600_352&668-352&668_222&649_221&600_351&619-9_0_24_30_33_16_12-91-45.jpg
苏/04796575670498084-90_257-165&526_578&632-576&632_185&625_165&526_578&531-10_2_3_24_25_26_29_33-164-56.jpg,苏CD01259,苏,green,model/datasets/CCPD2020/ccpd_green/test/04796575670498084-90_257-165&526_578&632-576&632_185&625_165&526_578&531-10_2_3_24_25_26_29_33-164-56.jpg
苏/3013467881944444444-88_90-240&483_454&547-454&538_256&547_240&492_454&483-10_1_3_24_27_30_31_30-200-250.jpg,苏BD03676,苏,green,model/datasets/CCPD2020/ccpd_green/train/3013467881944444444-88_90-240&483_454&547-454&538_256&547_240&492_454&483-10_1_3_24_27_30_31_30-200-250.jpg
苏/3037705078125-91_102-158&491_587&580-572&580_174&569_158&491_587&504-10_2_3_24_30_31_30_30-91-256.jpg,苏CD06766,苏,green,model/datasets/CCPD2020/ccpd_green/train/3037705078125-91_102-158&491_587&580-572&580_174&569_158&491_587&504-10_2_3_24_30_31_30_30-91-256.jpg
苏/029633620689655173-90_242-240&520_570&602-570&602_276&599_240&525_538&520-10_2_3_24_29_27_24_30-109-135.jpg,苏CD05306,苏,green,model/datasets/CCPD2020/ccpd_green/test/029633620689655173-90_242-240&520_570&602-570&602_276&599_240&525_538&520-10_2_3_24_29_27_24_30-109-135.jpg
浙/0221354166667-87_99-223&466_463&559-456&544_223&559_226&474_463&466-11_0_5_24_26_33_32_26-165-162.jpg,浙AF02982,浙,green,model/datasets/CCPD2020/ccpd_green/train/0221354166667-87_99-223&466_463&559-456&544_223&559_226&474_463&466-11_0_5_24_26_33_32_26-165-162.jpg
浙/303830078125-84_113-177&478_495&599-473&560_177&599_187&499_495&478-11_1_5_24_32_26_32_32-138-280.jpg,浙BF08288,浙,green,model/datasets/CCPD2020/ccpd_green/test/303830078125-84_113-177&478_495&599-473&560_177&599_187&499_495&478-11_1_5_24_32_26_32_32-138-280.jpg
浙/3038138020833333335-90_97-182&477_530&587-520&583_182&587_187&477_530&491-11_4_3_24_27_30_30_33-89-25.jpg,浙ED03669,浙,green,model/datasets/CCPD2020/ccpd_green/train/3038138020833333335-90_97-182&477_530&587-520&583_182&587_187&477_530&491-11_4_3_24_27_30_30_33-89-25.jpg
浙/021484375-90_262-185&395_449&477-449&477_194&467_185&395_437&398-11_0_5_24_32_27_29_26-118-189.jpg,浙AF08352,浙,green,model/datasets/CCPD2020/ccpd_green/train/021484375-90_262-185&395_449&477-449&477_194&467_185&395_437&398-11_0_5_24_32_27_29_26-118-189.jpg
京/036027298850574714-90_263-200&513_554&606-554&605_210&606_200&513_549&513-12_0_3_7_27_33_24_30-81-162.jpg,京ADH3906,京,green,model/datasets/CCPD2020/ccpd_green/test/036027298850574714-90_263-200&513_554&606-554&605_210&606_200&513_549&513-12_0_3_7_27_33_24_30-81-162.jpg
京/04224137931034483-92_237-136&500_496&607-496&607_182&586_136&500_465&515-12_0_3_6_28_27_32_24-166-42.jpg,京ADG4380,京,green,model/datasets/CCPD2020/ccpd_green/test/04224137931034483-92_237-136&500_496&607-496&607_182&586_136&500_465&515-12_0_3_6_28_27_32_24-166-42.jpg
京/0083-0_0-306&462_449&511-448&511_306&510_307&462_449&463-12_13_30_31_30_4_25-99-8.jpg,京P676E1,京,blue,model/datasets/CCPD2019/ccpd_challenge/0083-0_0-306&462_449&511-448&511_306&510_307&462_449&463-12_13_30_31_30_4_25-99-8.jpg
京/0522-20_7-362&575_603&756-603&673_385&756_362&658_580&575-12_12_31_14_3_30_30-68-95.jpg,京N7QD66,京,blue,model/datasets/CCPD2019/ccpd_rotate/0522-20_7-362&575_603&756-603&673_385&756_362&658_580&575-12_12_31_14_3_30_30-68-95.jpg
闽/0175682471264-90_85-227&494_459&580-454&577_223&578_228&493_459&492-13_3_18_27_33_27_27-72-22.jpg,闽DU3933,闽,blue,model/datasets/CCPD2019/ccpd_base/0175682471264-90_85-227&494_459&580-454&577_223&578_228&493_459&492-13_3_18_27_33_27_27-72-22.jpg
闽/0505-15_29-255&488_519&648-497&580_255&648_277&556_519&488-13_3_9_27_7_30_31-121-105.jpg,闽DK3H67,闽,blue,model/datasets/CCPD2019/ccpd_tilt/0505-15_29-255&488_519&648-497&580_255&648_277&556_519&488-13_3_9_27_7_30_31-121-105.jpg
闽/0479-5_9-185&425_508&549-508&549_192&521_185&425_501&453-13_2_30_26_27_30_9-23-3.jpg,闽C6236K,闽,blue,model/datasets/CCPD2019/ccpd_db/0479-5_9-185&425_508&549-508&549_192&521_185&425_501&453-13_2_30_26_27_30_9-23-3.jpg
赣/0247-14_17-221&480_395&599-395&599_224&554_221&480_392&525-14_2_24_31_14_25_25-53-17.jpg,赣C07Q11,赣,blue,model/datasets/CCPD2019/ccpd_rotate/0247-14_17-221&480_395&599-395&599_224&554_221&480_392&525-14_2_24_31_14_25_25-53-17.jpg
赣/0078-1_2-232&561_366&610-365&607_232&610_233&564_366&561-14_11_18_24_33_30_30-109-14.jpg,赣MU0966,赣,blue,model/datasets/CCPD2019/ccpd_fn/0078-1_2-232&561_366&610-365&607_232&610_233&564_366&561-14_11_18_24_33_30_30-109-14.jpg
赣/0238-4_5-269&431_495&519-493&503_269&519_271&447_495&431-14_2_29_33_10_24_33-13-14.jpg,赣C59L09,赣,blue,model/datasets/CCPD2019/ccpd_db/0238-4_5-269&431_495&519-493&503_269&519_271&447_495&431-14_2_29_33_10_24_33-13-14.jpg
鲁/03486328125-90_259-158&390_515&489-515&489_175&489_158&390_510&390-15_1_5_24_29_32_31_30-123-65.jpg,鲁BF05876,鲁,green,model/datasets/CCPD2020/ccpd_green/train/03486328125-90_259-158&390_515&489-515&489_175&489_158&390_510&390-15_1_5_24_29_32_31_30-123-65.jpg
鲁/010208333333333333-87_251-336&496_483&560-472&536_336&560_350&506_483&496-15_14_3_26_24_30_26_25-80-6.jpg,鲁QD20621,鲁,green,model/datasets/CCPD2020/ccpd_green/test/010208333333333333-87_251-336&496_483&560-472&536_336&560_350&506_483&496-15_14_3_26_24_30_26_25-80-6.jpg
鲁/303364583333333333-88_97-210&411_533&516-526&504_212&516_210&411_533&411-15_1_3_24_24_25_24_33-186-205.jpg,鲁BD00109,鲁,green,model/datasets/CCPD2020/ccpd_green/train/303364583333333333-88_97-210&411_533&516-526&504_212&516_210&411_533&411-15_1_3_24_24_25_24_33-186-205.jpg
鲁/0558-15_32-250&451_531&617-531&617_278&546_250&451_503&522-15_14_22_24_2_25_31-129-59.jpg,鲁QY0C17,鲁,blue,model/datasets/CCPD2019/ccpd_tilt/0558-15_32-250&451_531&617-531&617_278&546_250&451_503&522-15_14_22_24_2_25_31-129-59.jpg
豫/0366753472222-92_270-204&397_542&506-534&506_204&495_207&397_542&412-16_0_3_24_30_32_24_33-104-83.jpg,豫AD06809,豫,green,model/datasets/CCPD2020/ccpd_green/train/0366753472222-92_270-204&397_542&506-534&506_204&495_207&397_542&412-16_0_3_24_30_32_24_33-104-83.jpg
豫/0314-8_5-204&420_423&540-423&509_209&540_204&451_418&420-16_15_25_7_29_29_26-162-24.jpg,豫R1H552,豫,blue,model/datasets/CCPD2019/ccpd_challenge/0314-8_5-204&420_423&540-423&509_209&540_204&451_418&420-16_15_25_7_29_29_26-162-24.jpg
豫/0260-5_11-284&497_513&592-513&592_292&572_284&497_505&517-16_16_16_24_30_26_29-31-4.jpg,豫SS0625,豫,blue,model/datasets/CCPD2019/ccpd_challenge/0260-5_11-284&497_513&592-513&592_292&572_284&497_505&517-16_16_16_24_30_26_29-31-4.jpg
豫/0430-6_7-181&449_462&577-462&577_184&547_181&449_459&479-16_0_11_31_31_24_22-28-11.jpg,豫AM770Y,豫,blue,model/datasets/CCPD2019/ccpd_db/0430-6_7-181&449_462&577-462&577_184&547_181&449_459&479-16_0_11_31_31_24_22-28-11.jpg
鄂/3038736979166666664-89_92-192&378_532&493-531&483_201&493_192&378_532&387-17_9_5_25_25_25_25_24-147-265.jpg,鄂KF11110,鄂,green,model/datasets/CCPD2020/ccpd_green/train/3038736979166666664-89_92-192&378_532&493-531&483_201&493_192&378_532&387-17_9_5_25_25_25_25_24-147-265.jpg
鄂/02255859375-90_267-183&469_453&553-452&553_183&549_186&469_453&473-17_8_5_26_24_33_32_32-165-144.jpg,鄂JF20988,鄂,green,model/datasets/CCPD2020/ccpd_green/train/02255859375-90_267-183&469_453&553-452&553_183&549_186&469_453&473-17_8_5_26_24_33_32_32-165-144.jpg
鄂/0835-18_23-136&425_470&634-470&634_145&526_136&425_461&533-17_5_1_26_16_32_32-108-43.jpg,鄂FB2S88,鄂,blue,model/datasets/CCPD2019/ccpd_tilt/0835-18_23-136&425_470&634-470&634_145&526_136&425_461&533-17_5_1_26_16_32_32-108-43.jpg
湘/053005268199233714-91_258-123&506_589&610-581&610_140&605_123&506_589&516-18_4_3_30_30_30_30_30-148-544.jpg,湘ED66666,湘,green,model/datasets/CCPD2020/ccpd_green/test/053005268199233714-91_258-123&506_589&610-581&610_140&605_123&506_589&516-18_4_3_30_30_30_30_30-148-544.jpg
湘/0168-2_0-350&424_540&498-540&490_353&498_350&432_537&424-18_1_32_16_5_25_24-79-17.jpg,湘B8SF10,湘,blue,model/datasets/CCPD2019/ccpd_challenge/0168-2_0-350&424_540&498-540&490_353&498_350&432_537&424-18_1_32_16_5_25_24-79-17.jpg
湘/1165-8_6-152&397_607&611-602&611_152&543_157&397_607&465-18_2_25_10_21_24_25-146-198.jpg,湘C1LX01,湘,blue,model/datasets/CCPD2019/ccpd_fn/1165-8_6-152&397_607&611-602&611_152&543_157&397_607&465-18_2_25_10_21_24_25-146-198.jpg
粤/07646267361111111-94_254-163&425_609&598-609&598_185&543_163&425_609&461-19_1_3_29_24_28_33_30-187-40.jpg,粤BD50496,粤,green,model/datasets/CCPD2020/ccpd_green/test/07646267361111111-94_254-163&425_609&598-609&598_185&543_163&425_609&461-19_1_3_29_24_28_33_30-187-40.jpg
粤/0263639322917-89_266-243&437_516&535-510&519_243&535_247&443_516&437-19_1_5_28_27_25_26_33-222-36.jpg,粤BF43129,粤,green,model/datasets/CCPD2020/ccpd_green/train/0263639322917-89_266-243&437_516&535-510&519_243&535_247&443_516&437-19_1_5_28_27_25_26_33-222-36.jpg
粤/303923394097222222-91_114-213&410_571&520-571&520_244&512_213&410_533&419-19_1_5_24_33_30_24_31-81-41.jpg,粤BF09607,粤,green,model/datasets/CCPD2020/ccpd_green/train/303923394097222222-91_114-213&410_571&520-571&520_244&512_213&410_533&419-19_1_5_24_33_30_24_31-81-41.jpg
粤/304765625-91_264-166&441_532&572-520&567_166&572_176&441_532&451-19_1_5_29_32_29_29_31-121-216.jpg,粤BF58557,粤,green,model/datasets/CCPD2020/ccpd_green/train/304765625-91_264-166&441_532&572-520&567_166&572_176&441_532&451-19_1_5_29_32_29_29_31-121-216.jpg
桂/0192337164751-91_83-188&426_479&507-484&514_200&496_201&415_485&433-20_1_23_19_33_33_24-148-9.jpg,桂BZV990,桂,blue,model/datasets/CCPD2019/ccpd_base/0192337164751-91_83-188&426_479&507-484&514_200&496_201&415_485&433-20_1_23_19_33_33_24-148-9.jpg
桂/0271-9_5-342&434_558&539-553&539_342&505_347&434_558&468-20_15_4_27_27_29_26-131-93.jpg,桂RE3352,桂,blue,model/datasets/CCPD2019/ccpd_challenge/0271-9_5-342&434_558&539-553&539_342&505_347&434_558&468-20_15_4_27_27_29_26-131-93.jpg
桂/026877394636-91_92-184&501_449&595-455&604_193&583_203&496_465&517-20_0_18_23_33_27_24-122-83.jpg,桂AUZ930,桂,blue,model/datasets/CCPD2019/ccpd_base/026877394636-91_92-184&501_449&595-455&604_193&583_203&496_465&517-20_0_18_23_33_27_24-122-83.jpg
琼/0157255747126-92_86-233&479_455&561-457&569_231&558_224&476_450&487-21_0_27_1_29_31_25-122-24.jpg,琼A3B571,琼,blue,model/datasets/CCPD2019/ccpd_base/0157255747126-92_86-233&479_455&561-457&569_231&558_224&476_450&487-21_0_27_1_29_31_25-122-24.jpg
琼/0221767241379-100_77-220&463_435&565-424&563_228&533_219&457_415&487-21_0_17_7_26_31_30-137-52.jpg,琼ATH276,琼,blue,model/datasets/CCPD2019/ccpd_base/0221767241379-100_77-220&463_435&565-424&563_228&533_219&457_415&487-21_0_17_7_26_31_30-137-52.jpg
琼/0285-6_9-117&590_346&694-346&694_121&667_117&590_342&617-21_1_10_25_29_24_31-64-19.jpg,琼BL1507,琼,blue,model/datasets/CCPD2019/ccpd_weather/0285-6_9-117&590_346&694-346&694_121&667_117&590_342&617-21_1_10_25_29_24_31-64-19.jpg
川/0235524425288-91_88-204&403_486&501-503&499_215&495_219&398_507&402-22_21_33_24_30_26_25-174-34.jpg,川X90621,川,blue,model/datasets/CCPD2019/ccpd_base/0235524425288-91_88-204&403_486&501-503&499_215&495_219&398_507&402-22_21_33_24_30_26_25-174-34.jpg
川/0368-15_25-241&468_467&604-452&547_241&604_256&525_467&468-22_0_25_27_27_19_19-97-62.jpg,川A133VV,川,blue,model/datasets/CCPD2019/ccpd_tilt/0368-15_25-241&468_467&604-452&547_241&604_256&525_467&468-22_0_25_27_27_19_19-97-62.jpg
川/0123275862069-90_90-239&480_462&546-460&550_237&547_236&482_459&485-22_0_6_30_33_1_33-122-14.jpg,川AG69B9,川,blue,model/datasets/CCPD2019/ccpd_base/0123275862069-90_90-239&480_462&546-460&550_237&547_236&482_459&485-22_0_6_30_33_1_33-122-14.jpg
贵/04084051724137931-91_259-158&515_537&613-535&613_172&605_158&515_537&525-23_7_5_25_25_25_25_25-111-233.jpg,贵HF11111,贵,green,model/datasets/CCPD2020/ccpd_green/test/04084051724137931-91_259-158&515_537&613-535&613_172&605_158&515_537&525-23_7_5_25_25_25_25_25-111-233.jpg
贵/0421-7_8-86&465_347&600-347&600_87&564_86&465_346&501-23_3_0_23_33_29_27-13-23.jpg,贵DAZ953,贵,blue,model/datasets/CCPD2019/ccpd_db/0421-7_8-86&465_347&600-347&600_87&564_86&465_346&501-23_3_0_23_33_29_27-13-23.jpg
贵/0145-1_4-227&538_411&604-405&604_227&600_233&538_411&542-23_8_12_16_25_33_24-150-13.jpg,贵JNS190,贵,blue,model/datasets/CCPD2019/ccpd_challenge/0145-1_4-227&538_411&604-405&604_227&600_233&538_411&542-23_8_12_16_25_33_24-150-13.jpg
贵/0937-17_15-82&368_424&597-419&597_82&490_87&368_424&475-23_5_3_28_25_26_27-105-135.jpg,贵FD4123,贵,blue,model/datasets/CCPD2019/ccpd_tilt/0937-17_15-82&368_424&597-419&597_82&490_87&368_424&475-23_5_3_28_25_26_27-105-135.jpg
云/0618-15_29-156&345_453&519-453&519_182&446_156&345_427&418-24_0_29_10_10_31_31-106-75.jpg,云A5LL77,云,blue,model/datasets/CCPD2019/ccpd_tilt/0618-15_29-156&345_453&519-453&519_182&446_156&345_427&418-24_0_29_10_10_31_31-106-75.jpg
云/0175-7_2-355&443_536&524-526&524_355&501_365&443_536&466-24_7_19_25_33_31_29-156-53.jpg,云HV1975,云,blue,model/datasets/CCPD2019/ccpd_challenge/0175-7_2-355&443_536&524-526&524_355&501_365&443_536&466-24_7_19_25_33_31_29-156-53.jpg
云/0330-5_1-267&448_516&559-509&559_267&534_274&448_516&473-24_0_19_4_33_25_25-114-15.jpg,云AVE911,云,blue,model/datasets/CCPD2019/ccpd_challenge/0330-5_1-267&448_516&559-509&559_267&534_274&448_516&473-24_0_19_4_33_25_25-114-15.jpg
藏/0211494252874-91_81-251&454_526&548-542&559_265&545_245&454_522&468-25_0_1_14_29_30_33-165-70.jpg,藏ABQ569,藏,blue,model/datasets/CCPD2019/ccpd_base/0211494252874-91_81-251&454_526&548-542&559_265&545_245&454_522&468-25_0_1_14_29_30_33-165-70.jpg
陕/0061-0_3-469&415_594&456-592&455_469&456_471&416_594&415-26_2_22_29_25_32_25-51-23.jpg,陕CY5181,陕,blue,model/datasets/CCPD2019/ccpd_fn/0061-0_3-469&415_594&456-592&455_469&456_471&416_594&415-26_2_22_29_25_32_25-51-23.jpg
陕/0210-10_5-460&480_645&575-627&575_460&543_478&480_645&512-26_0_10_0_30_33_33-36-32.jpg,陕ALA699,陕,blue,model/datasets/CCPD2019/ccpd_challenge/0210-10_5-460&480_645&575-627&575_460&543_478&480_645&512-26_0_10_0_30_33_33-36-32.jpg
陕/0388-20_37-187&529_399&682-375&610_187&682_211&601_399&529-26_0_22_25_29_33_15-97-188.jpg,陕AY159R,陕,blue,model/datasets/CCPD2019/ccpd_tilt/0388-20_37-187&529_399&682-375&610_187&682_211&601_399&529-26_0_22_25_29_33_15-97-188.jpg
甘/0422-38_43-396&377_561&591-561&591_404&466_396&377_553&502-27_0_29_27_30_22_30-116-56.jpg,甘A536Y6,甘,blue,model/datasets/CCPD2019/ccpd_tilt/0422-38_43-396&377_561&591-561&591_404&466_396&377_553&502-27_0_29_27_30_22_30-116-56.jpg
甘/0183-3_5-325&395_529&470-519&470_325&459_335&395_529&406-27_9_5_24_31_31_24-147-15.jpg,甘KF0770,甘,blue,model/datasets/CCPD2019/ccpd_challenge/0183-3_5-325&395_529&470-519&470_325&459_335&395_529&406-27_9_5_24_31_31_24-147-15.jpg
甘/0111-12_15-309&512_431&588-431&588_311&561_309&512_429&539-27_0_18_29_25_31_33-112-27.jpg,甘AU5179,甘,blue,model/datasets/CCPD2019/ccpd_challenge/0111-12_15-309&512_431&588-431&588_311&561_309&512_429&539-27_0_18_29_25_31_33-112-27.jpg
青/0410-10_19-147&347_403&481-403&481_160&434_147&347_390&394-28_0_10_2_29_30_32-52-41.jpg,青ALC568,青,blue,model/datasets/CCPD2019/ccpd_weather/0410-10_19-147&347_403&481-403&481_160&434_147&347_390&394-28_0_10_2_29_30_32-52-41.jpg
青/0375670498084-97_70-76&508_369&651-387&656_81&600_58&499_364&555-28_0_18_5_29_29_26-66-74.jpg,青AUF552,青,blue,model/datasets/CCPD2019/ccpd_base/0375670498084-97_70-76&508_369&651-387&656_81&600_58&499_364&555-28_0_18_5_29_29_26-66-74.jpg
青/01125-91_81-215&525_410&590-405&593_231&585_220&517_394&525-28_0_4_25_26_24_27-134-21.jpg,青AE1203,青,blue,model/datasets/CCPD2019/ccpd_base/01125-91_81-215&525_410&590-405&593_231&585_220&517_394&525-28_0_4_25_26_24_27-134-21.jpg
宁/0240625-89_269-231&357_495&449-495&437_233&449_231&367_490&357-29_0_5_25_31_29_29_29-101-79.jpg,宁AF17555,宁,green,model/datasets/CCPD2020/ccpd_green/train/0240625-89_269-231&357_495&449-495&437_233&449_231&367_490&357-29_0_5_25_31_29_29_29-101-79.jpg
宁/0416-0_2-336&350_661&457-656&457_336&453_341&350_661&354-29_0_21_32_25_28_30-72-23.jpg,宁AX8146,宁,blue,model/datasets/CCPD2019/ccpd_weather/0416-0_2-336&350_661&457-656&457_336&453_341&350_661&354-29_0_21_32_25_28_30-72-23.jpg
宁/0221-1_0-242&572_473&652-471&652_242&646_244&572_473&578-29_0_21_29_28_25_31-20-22.jpg,宁AX5417,宁,blue,model/datasets/CCPD2019/ccpd_db/0221-1_0-242&572_473&652-471&652_242&646_244&572_473&578-29_0_21_29_28_25_31-20-22.jpg
新/00962164750958-90_87-229&463_409&521-412&525_236&524_239&464_415&465-30_0_11_6_24_25_24-127-53.jpg,新AMG010,新,blue,model/datasets/CCPD2019/ccpd_base/00962164750958-90_87-229&463_409&521-412&525_236&524_239&464_415&465-30_0_11_6_24_25_24-127-53.jpg
新/0216-12_4-334&523_497&634-497&601_344&634_334&556_487&523-30_15_32_0_24_24_25-48-17.jpg,新R8A001,新,blue,model/datasets/CCPD2019/ccpd_challenge/0216-12_4-334&523_497&634-497&601_344&634_334&556_487&523-30_15_32_0_24_24_25-48-17.jpg
新/0144612068966-90_87-210&518_418&591-423&599_215&584_223&508_431&523-30_0_6_20_30_30_32-176-26.jpg,新AGW668,新,blue,model/datasets/CCPD2019/ccpd_base/0144612068966-90_87-210&518_418&591-423&599_215&584_223&508_431&523-30_0_6_20_30_30_32-176-26.jpg
