file,expected,baseline_status,resident_status,baseline_plate,resident_plate,baseline_detection_confidence,resident_detection_confidence,baseline_recognition_confidence,resident_recognition_confidence,baseline_error,resident_error,resident_seconds,exact
晋/0217-14_18-217&370_382&480-382&480_222&438_217&370_377&412-5_1_19_29_33_27_26-82-35.jpg,晋BV5932,ok,ok,晋BV5932,晋BV5932,0.8402096033096313,0.8402096033096313,0.9889218211174011,0.9889218211174011,,,1.3296272093430161,True
晋/0261-8_2-194&383_408&485-408&454_202&485_194&414_400&383-5_10_30_29_25_26_1-100-19.jpg,晋L6512B,ok,ok,晋L6512B,晋L6512B,0.82614666223526,0.82614666223526,0.9996570944786072,0.9996570944786072,,,6.272980825044215,True
晋/0206-6_3-145&325_325&421-325&400_150&421_145&346_320&325-5_9_12_22_32_25_26-15-17.jpg,晋KNY812,ok,ok,晋KNY812,晋KNY812,0.8203297257423401,0.8203297257423401,0.9999949336051941,0.9999949336051941,,,1.3074347339570522,True
晋/0208-1_1-269&440_487&520-486&516_269&520_270&444_487&440-5_4_15_30_29_29_29-133-12.jpg,晋ER6555,ok,ok,晋ER6555,晋ER6555,0.8202675580978394,0.8202675580978394,0.9998696446418762,0.9998696446418762,,,1.3359707640483975,True
晋/0189-7_6-207&506_385&595-385&573_208&595_207&528_384&506-5_10_10_10_29_29_25-64-7.jpg,晋LLL551,ok,ok,晋LLL551,晋LLL551,0.8266116380691528,0.8266116380691528,0.9999303817749023,0.9999303817749023,,,1.3089145384728909,True
晋/0180280172414-90_85-262&503_529&572-518&578_273&580_270&498_515&496-5_0_26_30_21_31_31-171-38.jpg,晋A26X77,ok,ok,晋A26X77,晋A26X77,0.8226951956748962,0.8226951956748962,0.9999958276748657,0.9999958276748657,,,1.3359887842088938,True
晋/0489-15_32-270&410_537&563-537&563_296&495_270&410_511&478-5_3_23_32_25_26_25-70-51.jpg,晋DZ8121,ok,ok,晋DZ8121,晋DZ8121,0.8506762385368347,0.8506762385368347,0.9999963641166687,0.9999963641166687,,,1.3016282618045807,True
晋/0244-11_14-235&455_419&566-419&566_239&530_235&455_415&491-5_0_33_29_30_9_25-63-16.jpg,晋A956K1,ok,ok,晋A956K1,晋A956K1,0.8317326903343201,0.8317326903343201,0.9654884934425354,0.9654884934425354,,,1.3089596768841147,True
晋/0241-16_31-225&359_402&473-402&473_244&427_225&359_383&405-5_0_25_1_33_30_30-57-79.jpg,晋A1B966,ok,ok,晋A1B966,晋A1B966,0.832217276096344,0.832217276096344,0.9999889731407166,0.9999889731407166,,,1.2930318666622043,True
晋/0244-10_14-218&531_407&639-407&639_223&605_218&531_402&565-5_0_23_26_32_32_33-23-17.jpg,晋AZ2889,ok,ok,晋AZ2889,晋AZ2889,0.8139298558235168,0.8139298558235168,0.9983234405517578,0.9983234405517578,,,1.3047409523278475,True
晋/0170-2_0-264&431_449&508-449&499_268&508_264&440_445&431-5_2_4_30_26_33_29-99-22.jpg,晋CE6295,ok,ok,晋CE6295,晋CE6295,0.8255285024642944,0.8255285024642944,0.9999943971633911,0.9999943971633911,,,1.317214496433735,True
晋/0046-2_1-205&327_308&365-308&361_207&365_205&331_306&327-5_0_12_24_28_30_7-58-14.jpg,晋AN046H,ok,ok,晋AN046H,晋AN046H,0.7379345893859863,0.7379345893859863,0.9996697306632996,0.9996697306632996,,,1.3202039999887347,True
晋/0105639367816-90_90-216&571_412&646-407&646_217&640_224&570_414&576-5_4_22_12_24_29_32-192-28.jpg,晋EYN058,ok,ok,晋EYN058,晋EYN058,0.823714554309845,0.823714554309845,0.9999976754188538,0.9999976754188538,,,1.3191247386857867,True
晋/0456-22_30-232&556_455&727-455&727_245&641_232&556_442&642-5_4_0_5_32_30_30-161-113.jpg,晋EAF866,ok,ok,晋EAF866,晋EAF866,0.848127543926239,0.848127543926239,0.9941262006759644,0.9941262006759644,,,1.3114342242479324,True
晋/0172653256705-94_87-206&541_431&630-431&637_212&618_210&543_429&562-5_11_21_33_32_31_33-142-37.jpg,晋MX9879,ok,ok,晋MX9879,晋MX9879,0.8297507166862488,0.8297507166862488,0.9998763799667358,0.9998763799667358,,,1.3181075053289533,True
晋/0212571839081-90_92-251&351_533&447-550&447_250&453_255&351_555&345-5_10_7_23_31_26_33-121-69.jpg,晋LHZ729,ok,ok,晋LHZ729,晋LHZ729,0.8308736681938171,0.8308736681938171,0.9999799728393555,0.9999799728393555,,,1.3037939090281725,True
晋/0152-4_6-307&547_481&620-481&620_310&608_307&547_478&559-5_4_33_7_26_26_26-110-14.jpg,晋E9H222,ok,ok,晋E9H222,晋E9H222,0.8206409215927124,0.8206409215927124,0.9999861121177673,0.9999861121177673,,,1.3268063804134727,True
晋/0482-17_18-243&520_480&690-477&618_243&690_246&592_480&520-5_11_27_10_27_26_24-149-112.jpg,晋M3L320,ok,ok,晋M3L320,晋M3L320,0.8367834091186523,0.8367834091186523,0.9998399019241333,0.9998399019241333,,,1.3077353043481708,True
晋/0485-19_14-274&436_507&610-507&531_283&610_274&515_498&436-5_0_23_18_27_30_31-120-119.jpg,晋AZU367,ok,ok,晋AZU367,晋AZU367,0.8421907424926758,0.8421907424926758,0.9999982714653015,0.9999982714653015,,,1.292793171480298,True
晋/0676-18_5-354&391_641&588-641&500_379&588_354&479_616&391-5_4_31_25_0_29_32-82-99.jpg,晋E71A58,ok,ok,晋E71A58,晋E71A58,0.8196982145309448,0.8196982145309448,0.9999945759773254,0.9999945759773254,,,1.2901558354496956,True
晋/0418103448276-98_73-291&464_595&607-592&610_307&558_297&460_582&512-5_0_23_27_31_32_11-126-155.jpg,晋AZ378M,ok,ok,晋AZ378M,晋AZ378M,0.8392857909202576,0.8392857909202576,0.9999979138374329,0.9999979138374329,,,1.3117043934762478,True
晋/027030651341-92_87-204&462_491&561-498&569_216&549_205&458_487&478-5_8_22_25_32_28_30-139-39.jpg,晋JY1846,ok,ok,晋JY1846,晋JY1846,0.8313605189323425,0.8313605189323425,0.9999946355819702,0.9999946355819702,,,1.2915629725903273,True
晋/0186-7_16-334&422_509&511-509&511_344&489_334&422_499&444-5_11_25_16_33_33_30-17-15.jpg,晋M1S996,ok,ok,晋M1S996,晋M1S996,0.8163757920265198,0.8163757920265198,0.9999898076057434,0.9999898076057434,,,1.2933257585391402,True
晋/0131-5_1-292&365_447&436-447&421_296&436_292&380_443&365-5_11_15_23_31_32_31-129-43.jpg,晋MRZ787,ok,ok,晋MRZ787,晋MRZ787,0.8164151906967163,0.8164151906967163,0.9999985694885254,0.9999985694885254,,,1.287657898850739,True
晋/0272389846743-95_68-185&521_477&627-474&635_225&604_183&512_432&543-5_0_5_6_32_29_32-56-25.jpg,晋AFG858,ok,ok,晋AFG858,晋AFG858,0.8341665863990784,0.8341665863990784,0.9998401999473572,0.9998401999473572,,,1.2888353494927287,True
晋/0211-0_2-222&515_449&593-446&593_222&593_225&515_449&515-5_3_2_12_25_29_33-101-18.jpg,晋DCN159,ok,ok,晋DCN159,晋DCN159,0.8239930868148804,0.8239930868148804,0.9639704823493958,0.9639704823493958,,,1.3054928919300437,True
晋/0801-21_24-256&417_556&640-556&640_261&521_256&417_551&536-5_0_33_24_32_33_9-85-421.jpg,晋A9089K,ok,ok,晋A9089K,晋A9089K,0.8159102201461792,0.8159102201461792,0.9999880790710449,0.9999880790710449,,,1.3149957153946161,True
晋/0887-21_16-208&301_522&537-513&537_208&418_217&301_522&420-5_0_33_24_25_9_32-89-351.jpg,晋A901K8,ok,ok,晋A901K8,晋A901K8,0.7878151535987854,0.7878151535987854,0.9999985098838806,0.9999985098838806,,,1.3093681605532765,True
晋/01061901341-90_87-159&486_347&556-349&554_162&552_165&486_352&488-5_1_14_0_27_32_27-88-81.jpg,晋BQA383,ok,ok,晋BQA383,晋BQA383,0.8289033770561218,0.8289033770561218,0.9999995827674866,0.9999995827674866,,,1.2932020956650376,True
晋/0318-17_22-296&462_493&597-493&597_303&537_296&462_486&522-5_1_31_32_27_24_28-102-204.jpg,晋B78304,ok,ok,晋B78304,晋B78304,0.8480352759361267,0.8480352759361267,0.999994158744812,0.999994158744812,,,1.3006422389298677,True
晋/0296-17_22-124&469_309&603-309&603_131&548_124&469_302&524-5_10_27_8_29_24_33-107-38.jpg,晋L3J509,ok,ok,晋L3J509,晋L3J509,0.84637850522995,0.84637850522995,0.9969194531440735,0.9969194531440735,,,1.2858757795765996,True
晋/0112356321839-90_85-244&461_460&521-471&522_245&523_235&453_461&452-5_4_1_32_25_25_29-169-34.jpg,晋EB8115,ok,ok,晋EB8115,晋EB8115,0.8225706815719604,0.8225706815719604,0.9999979734420776,0.9999979734420776,,,1.3038653917610645,True
晋/0483-0_1-150&461_492&579-490&577_150&579_152&463_492&461-5_3_23_33_33_30_32-110-46.jpg,晋DZ9968,ok,ok,晋DZ9968,晋DZ9968,0.8322988152503967,0.8322988152503967,0.9998716711997986,0.9998716711997986,,,1.30232569668442,True
晋/0212-10_14-354&557_525&661-521&629_354&661_358&589_525&557-5_2_24_26_28_28_2-12-8.jpg,晋C0244C,ok,ok,晋C0244C,晋C0244C,0.8121907114982605,0.8121907114982605,0.9999880194664001,0.9999880194664001,,,1.3003638116642833,True
晋/0246-17_7-216&289_378&416-378&368_230&416_216&337_364&289-5_4_31_33_29_30_26-61-45.jpg,晋E79562,ok,ok,晋E79562,晋E79562,0.8346418738365173,0.8346418738365173,0.999998152256012,0.999998152256012,,,1.2830653926357627,True
晋/0461-29_17-363&283_569&470-553&470_363&364_379&283_569&389-5_0_27_18_28_33_32-53-36.jpg,晋A3U498,ok,ok,晋A3U498,晋A3U498,0.8343035578727722,0.8343035578727722,0.9986196756362915,0.9986196756362915,,,1.294469628483057,True
晋/0223-15_15-259&452_426&564-426&564_259&518_259&452_426&498-5_4_32_24_31_31_33-69-156.jpg,晋E80779,ok,ok,晋E80779,晋E80779,0.8348850011825562,0.8348850011825562,0.9999899864196777,0.9999899864196777,,,1.307113335467875,True
晋/0248922413793-93_75-220&472_513&581-506&596_233&565_215&468_488&499-5_4_3_16_27_30_33-158-78.jpg,晋EDS369,ok,ok,晋EDS369,晋EDS369,0.8474870920181274,0.8474870920181274,0.9306614995002747,0.9306614995002747,,,1.2961694225668907,True
晋/0292-16_16-227&330_409&464-408&464_227&409_228&330_409&385-5_4_9_24_29_24_25-132-63.jpg,晋EK0501,ok,ok,晋EK0501,晋EK0501,0.8412516117095947,0.8412516117095947,0.9999914169311523,0.9999914169311523,,,1.2939570434391499,True
晋/0247-4_3-249&465_460&563-460&545_251&563_249&483_458&465-5_4_21_13_32_32_33-144-24.jpg,晋EXP889,ok,ok,晋EXP889,晋EXP889,0.8246123194694519,0.8246123194694519,0.9999930262565613,0.9999930262565613,,,1.2921030586585402,True
晋/0879-18_15-170&394_495&620-488&620_170&511_177&394_495&503-5_8_13_27_27_31_31-91-229.jpg,晋JP3377,ok,ok,晋JP3377,晋JP3377,0.7877181768417358,0.7877181768417358,0.9999958872795105,0.9999958872795105,,,1.288846306502819,True
晋/0439-0_0-208&516_519&634-519&634_208&632_208&516_519&518-5_0_3_9_25_31_24-144-8.jpg,晋ADK170,wrong,wrong,鲁ADK170,鲁ADK170,0.8251574635505676,0.8251574635505676,0.852424144744873,0.852424144744873,,,1.2907734420150518,True
晋/0166-0_2-246&486_448&555-444&555_246&552_250&486_448&489-5_4_11_5_29_30_31-32-11.jpg,晋EMF567,ok,ok,晋EMF567,晋EMF567,0.8057631850242615,0.8057631850242615,0.9999948143959045,0.9999948143959045,,,1.3151157265529037,True
晋/0443007662835-87_90-261&366_591&506-592&471_270&508_267&391_589&354-5_2_25_24_33_25_3-106-83.jpg,晋C1091D,ok,ok,晋C1091D,晋C1091D,0.8405154347419739,0.8405154347419739,0.9999944567680359,0.9999944567680359,,,1.3074330724775791,True
晋/0433-21_35-98&465_327&623-327&623_118&542_98&465_307&546-5_10_4_10_32_26_27-67-90.jpg,晋LEL823,ok,ok,晋LEL823,晋LEL823,0.8504530787467957,0.8504530787467957,0.999992847442627,0.999992847442627,,,1.286369581706822,True
晋/0613-16_22-336&545_624&723-614&639_336&723_346&629_624&545-5_0_1_28_33_25_0-79-170.jpg,晋AB491A,ok,ok,晋AB491A,晋AB491A,0.8327507376670837,0.8327507376670837,0.9999986886978149,0.9999986886978149,,,1.301028210669756,True
晋/0225-16_15-435&527_597&643-596&643_435&595_436&527_597&575-5_1_2_19_29_30_31-117-76.jpg,晋BCV567,ok,ok,晋BCV567,晋BCV567,0.8440655469894409,0.8440655469894409,0.9999950528144836,0.9999950528144836,,,1.3049743697047234,True
晋/0364-2_0-242&486_514&598-510&598_242&587_246&486_514&497-5_0_26_27_6_31_32-25-7.jpg,晋A23G78,ok,ok,晋A23G78,晋A23G78,0.8194770812988281,0.8194770812988281,0.9999957084655762,0.9999957084655762,,,1.314505179412663,True
晋/0428-14_15-264&469_509&615-509&615_266&553_264&469_507&531-5_0_17_27_33_29_10-79-193.jpg,晋AT395L,ok,ok,晋AT395L,晋AT395L,0.8557095527648926,0.8557095527648926,0.9999509453773499,0.9999509453773499,,,1.3228488806635141,True
晋/0109027777778-93_86-371&455_542&532-545&535_370&518_372&455_547&472-5_8_9_19_26_30_26-130-49.jpg,晋JKV262,ok,ok,晋JKV262,晋JKV262,0.8241000771522522,0.8241000771522522,0.9999927282333374,0.9999927282333374,,,1.3101145084947348,True
晋/0130-2_6-177&476_337&544-337&544_181&537_177&476_333&483-5_0_19_26_30_30_3-99-17.jpg,晋AV266D,ok,ok,晋AV266D,晋AV266D,0.8140968084335327,0.8140968084335327,0.9763807058334351,0.9763807058334351,,,1.2965939650312066,True
晋/0078-0_5-265&449_401&497-397&496_265&497_269&450_401&449-5_9_32_11_33_25_32-51-21.jpg,晋K8M918,ok,ok,晋K8M918,晋K8M918,0.7664099931716919,0.7664099931716919,0.9977193474769592,0.9977193474769592,,,1.3155995598062873,True
晋/0356-20_19-172&371_358&531-355&531_172&461_175&371_358&441-5_4_9_14_32_24_32-64-79.jpg,晋EKQ808,ok,ok,晋EKQ808,晋EKQ808,0.8491863012313843,0.8491863012313843,0.999996542930603,0.999996542930603,,,1.2948938123881817,True
晋/0351-7_22-210&466_463&582-463&582_232&550_210&466_441&498-5_11_11_12_33_32_24-33-18.jpg,晋MMN980,ok,ok,晋MMN980,晋MMN980,0.8202627897262573,0.8202627897262573,0.9994527101516724,0.9994527101516724,,,1.3116111624985933,True
晋/0640-20_17-226&466_496&664-490&664_226&563_232&466_496&567-5_0_23_6_25_27_26-121-92.jpg,晋AZG132,ok,ok,晋AZG132,晋AZG132,0.8278663158416748,0.8278663158416748,0.9999985694885254,0.9999985694885254,,,1.3475641226395965,True
晋/0109-1_4-254&508_412&566-406&566_254&562_260&508_412&512-5_7_8_24_33_25_24-156-27.jpg,晋HJ0910,ok,ok,晋HJ0910,晋HJ0910,0.8105770349502563,0.8105770349502563,0.9998594522476196,0.9998594522476196,,,1.3143179630860686,True
晋/0406-17_22-404&528_629&679-629&679_410&608_404&528_623&599-5_5_4_27_30_33_26-183-189.jpg,晋FE3692,ok,ok,晋FE3692,晋FE3692,0.855621337890625,0.855621337890625,0.9999791383743286,0.9999791383743286,,,1.317636588588357,True
晋/0515-28_22-228&409_439&613-429&613_228&503_238&409_439&519-5_4_33_29_30_29_24-125-183.jpg,晋E95650,ok,ok,晋E95650,晋E95650,0.8153523802757263,0.8153523802757263,0.9933018684387207,0.9933018684387207,,,1.3224343480542302,True
晋/0497-25_27-298&469_510&665-510&665_303&568_298&469_505&566-5_0_29_25_27_32_22-76-142.jpg,晋A5138Y,ok,ok,晋A5138Y,晋A5138Y,0.8386934995651245,0.8386934995651245,0.9862173199653625,0.9862173199653625,,,1.2936398349702358,True
晋/0221455938697-90_91-244&466_549&548-560&550_248&551_246&464_558&463-5_5_23_25_28_32_33-142-33.jpg,晋FZ1489,ok,ok,晋FZ1489,晋FZ1489,0.8237115740776062,0.8237115740776062,0.9999913573265076,0.9999913573265076,,,1.3190518245100975,True
晋/0053-0_1-297&465_405&506-405&506_298&505_297&465_404&466-5_0_1_24_25_31_2-54-10.jpg,晋AB017C,ok,ok,晋AB017C,晋AB017C,0.7500978708267212,0.7500978708267212,0.9999426603317261,0.9999426603317261,,,1.3023530915379524,True
晋/0045-4_10-328&464_413&509-409&502_328&509_332&471_413&464-5_3_2_22_33_28_29-109-29.jpg,晋DCY945,ok,ok,晋DCY945,晋DCY945,0.7373079657554626,0.7373079657554626,0.9993041157722473,0.9993041157722473,,,1.3005633149296045,True
晋/0097-1_1-231&496_376&552-376&552_231&548_231&496_376&500-5_0_30_31_23_26_27-100-22.jpg,晋A67Z23,ok,ok,晋A67Z23,晋A67Z23,0.7887462377548218,0.7887462377548218,0.9999681711196899,0.9999681711196899,,,1.3422142080962658,True
晋/0581-7_14-192&452_476&623-460&586_192&623_208&489_476&452-5_4_23_25_26_29_31-95-3.jpg,晋EZ1257,ok,ok,晋EZ1257,晋EZ1257,0.8211532235145569,0.8211532235145569,0.9996522068977356,0.9996522068977356,,,1.290102013386786,True
晋/0191-11_1-234&452_406&545-406&511_245&545_234&486_395&452-5_0_3_31_27_27_23-30-39.jpg,晋AD733Z,ok,ok,晋AD733Z,晋AD733Z,0.8215169906616211,0.8215169906616211,0.9933856129646301,0.9933856129646301,,,1.3252812577411532,True
晋/0537-0_3-169&455_525&581-519&575_169&581_175&461_525&455-5_0_26_30_19_29_27-219-56.jpg,晋A26V53,ok,ok,晋A26V53,晋A26V53,0.8323744535446167,0.8323744535446167,0.9670106768608093,0.9670106768608093,,,1.3064070884138346,True
晋/0384-14_28-56&415_284&556-284&556_77&502_56&415_263&469-5_5_9_26_25_25_33-96-104.jpg,晋FK2119,ok,ok,晋FK2119,晋FK2119,0.8517757058143616,0.8517757058143616,0.9999950528144836,0.9999950528144836,,,1.2944695400074124,True
晋/0109-2_0-353&412_500&474-500&468_356&474_353&418_497&412-5_2_9_24_26_32_29-124-20.jpg,晋CK0285,ok,ok,晋CK0285,晋CK0285,0.8162655234336853,0.8162655234336853,0.9999904632568359,0.9999904632568359,,,1.292533346451819,True
晋/0798-25_13-82&434_377&660-357&660_82&530_102&434_377&564-5_1_19_32_25_32_31-98-48.jpg,晋BV8187,ok,ok,晋BV8187,晋BV8187,0.8226450681686401,0.8226450681686401,0.9992407560348511,0.9992407560348511,,,1.3008732059970498,True
晋/0115-6_0-342&319_486&386-481&386_342&370_347&319_486&335-5_1_0_2_33_33_25-148-23.jpg,晋BAC991,ok,ok,晋BAC991,晋BAC991,0.7983747124671936,0.7983747124671936,0.9997990727424622,0.9997990727424622,,,1.3167747408151627,True
晋/0159-5_7-401&434_572&512-572&512_403&495_401&434_570&451-5_3_30_8_32_27_32-160-39.jpg,晋D6J838,ok,ok,晋D6J838,晋D6J838,0.8271737694740295,0.8271737694740295,0.9999814629554749,0.9999814629554749,,,1.3335256157442927,True
晋/015161637931-87_91-273&499_478&573-483&560_282&574_279&508_480&494-5_0_4_24_27_30_15-148-50.jpg,晋AE036R,ok,ok,晋AE036R,晋AE036R,0.8197404146194458,0.8197404146194458,0.9999985098838806,0.9999985098838806,,,1.322053600102663,True
晋/0739-21_18-137&437_419&656-414&656_137&547_142&437_419&546-5_10_29_24_21_27_31-146-193.jpg,晋L50X37,ok,ok,晋L50X37,晋L50X37,0.8206666111946106,0.8206666111946106,0.9999869465827942,0.9999869465827942,,,1.311201237142086,True
晋/0382-14_28-292&555_525&692-525&692_313&639_292&555_504&608-5_0_11_12_30_28_32-105-134.jpg,晋AMN648,ok,ok,晋AMN648,晋AMN648,0.8493755459785461,0.8493755459785461,0.9999815225601196,0.9999815225601196,,,1.290935375727713,True
晋/0181-2_3-226&483_425&559-418&559_226&552_233&483_425&490-5_2_0_27_26_31_25-100-18.jpg,晋CA3271,ok,ok,晋CA3271,晋CA3271,0.816741943359375,0.816741943359375,0.999351441860199,0.999351441860199,,,1.3198859011754394,True
晋/0328-17_26-312&393_511&531-500&470_312&531_323&454_511&393-5_0_18_30_30_31_5-101-50.jpg,晋AU667F,ok,ok,晋AU667F,晋AU667F,0.8391696214675903,0.8391696214675903,0.9999858736991882,0.9999858736991882,,,1.2922014202922583,True
晋/0297-6_8-177&431_421&533-421&509_197&533_177&455_401&431-5_0_24_32_25_10_33-43-8.jpg,晋A081L9,ok,ok,晋A081L9,晋A081L9,0.8307271599769592,0.8307271599769592,0.999984622001648,0.999984622001648,,,1.3344306070357561,True
晋/0427-20_4-345&465_574&621-551&621_345&545_368&465_574&541-5_11_9_31_31_29_32-88-75.jpg,晋MK7758,ok,ok,晋MK7758,晋MK7758,0.849502682685852,0.849502682685852,0.9999995827674866,0.9999995827674866,,,1.3144178725779057,True
晋/0205-3_8-209&484_402&573-402&573_216&563_209&484_395&494-5_3_20_10_32_24_30-64-11.jpg,晋DWL806,ok,ok,晋DWL806,晋DWL806,0.8156688213348389,0.8156688213348389,0.9999886155128479,0.9999886155128479,,,1.3064675778150558,True
晋/0262-18_17-249&480_419&609-419&553_250&609_249&536_418&480-5_1_4_31_30_28_32-104-158.jpg,晋BE7648,ok,ok,晋BE7648,晋BE7648,0.8389449715614319,0.8389449715614319,0.9846407175064087,0.9846407175064087,,,1.3323755823075771,True
晋/0376-21_19-239&345_433&507-431&507_239&433_241&345_433&419-5_0_5_21_30_30_32-115-164.jpg,晋AFX668,ok,ok,晋AFX668,晋AFX668,0.8507060408592224,0.8507060408592224,0.9999969601631165,0.9999969601631165,,,1.2941135475412011,True
晋/0227011494253-92_93-246&443_504&539-498&539_247&525_260&438_511&452-5_9_10_32_32_27_29-59-16.jpg,晋KL8835,ok,ok,晋KL8835,晋KL8835,0.8315048217773438,0.8315048217773438,0.9999911189079285,0.9999911189079285,,,1.3147511519491673,True
晋/0954-20_27-192&432_527&670-527&670_206&548_192&432_513&554-5_0_11_24_30_26_8-77-263.jpg,晋AM062J,ok,ok,晋AM062J,晋AM062J,0.804319441318512,0.804319441318512,0.9999974370002747,0.9999974370002747,,,1.3091003205627203,True
晋/0062344348659-93_86-223&472_372&543-365&533_237&522_240&480_368&491-5_2_3_30_31_32_30-101-33.jpg,晋CD6786,ok,ok,晋CD6786,晋CD6786,0.8211485147476196,0.8211485147476196,0.9494565725326538,0.9494565725326538,,,1.3050213810056448,True
晋/0354-19_17-370&442_570&590-568&590_370&521_372&442_570&511-5_0_32_25_4_29_31-140-109.jpg,晋A81E57,ok,ok,晋A81E57,晋A81E57,0.849187433719635,0.849187433719635,0.9948294758796692,0.9948294758796692,,,1.3223135843873024,True
晋/0155-4_0-266&442_435&519-431&519_266&506_270&442_435&455-5_4_22_22_28_27_29-108-16.jpg,晋EYY435,ok,ok,晋EYY435,晋EYY435,0.8192606568336487,0.8192606568336487,0.9999986886978149,0.9999986886978149,,,1.3068184638395905,True
晋/0680-17_19-233&437_523&633-523&633_237&544_233&437_519&526-5_0_29_31_7_31_32-77-149.jpg,晋A57H78,ok,ok,晋A57H78,晋A57H78,0.829153835773468,0.829153835773468,0.9999980926513672,0.9999980926513672,,,1.3166774092242122,True
晋/0423-20_18-241&468_458&631-455&631_241&549_244&468_458&550-5_2_21_32_25_32_25-46-48.jpg,晋CX8181,ok,ok,晋CX8181,晋CX8181,0.8445041179656982,0.8445041179656982,0.9999985694885254,0.9999985694885254,,,1.3135120021179318,True
晋/0070-0_0-353&352_487&396-487&395_354&396_353&353_486&352-5_11_9_19_29_25_25-81-9.jpg,晋MKV511,ok,ok,晋MKV511,晋MKV511,0.7776341438293457,0.7776341438293457,0.9999914169311523,0.9999914169311523,,,1.3080348940566182,True
晋/0826-4_7-153&457_545&633-545&633_160&604_153&457_538&486-5_11_29_23_30_27_30-225-38.jpg,晋M5Z636,wrong,wrong,鄂M5Z636,鄂M5Z636,0.5327804088592529,0.5327804088592529,0.9111934900283813,0.9111934900283813,,,1.3522494658827782,True
晋/0416-14_23-165&562_408&705-408&705_180&648_165&562_393&619-5_0_1_30_31_30_12-77-81.jpg,晋AB676N,ok,ok,晋AB676N,晋AB676N,0.8527723550796509,0.8527723550796509,0.9999990463256836,0.9999990463256836,,,1.3122569499537349,True
晋/0377-21_14-345&514_546&671-535&671_345&595_356&514_546&590-5_0_29_26_18_27_27-93-130.jpg,晋A52U33,ok,ok,晋A52U33,晋A52U33,0.8440109491348267,0.8440109491348267,0.9999982118606567,0.9999982118606567,,,1.3156342906877398,True
晋/0295977011495-98_67-172&514_432&636-424&634_186&592_165&509_403&551-5_4_14_1_31_27_24-58-26.jpg,晋EQB730,ok,ok,晋EQB730,晋EQB730,0.8419481515884399,0.8419481515884399,0.9999989867210388,0.9999989867210388,,,1.3145590601488948,True
晋/0227-15_16-214&480_378&596-378&596_215&550_214&480_377&526-5_1_8_10_33_31_26-61-23.jpg,晋BJL972,ok,ok,晋BJL972,晋BJL972,0.8416752219200134,0.8416752219200134,0.9506434202194214,0.9506434202194214,,,1.2884971192106605,True
晋/0354322318007-94_77-229&376_536&509-546&511_241&470_233&373_538&414-5_0_32_25_25_24_25-63-70.jpg,晋A81101,ok,ok,晋A81101,晋A81101,0.8444297909736633,0.8444297909736633,0.99638432264328,0.99638432264328,,,1.3052990473806858,True
晋/0389-31_25-271&291_447&476-438&476_271&373_280&291_447&394-5_8_13_29_27_30_30-65-136.jpg,晋JP5366,ok,ok,晋JP5366,晋JP5366,0.8315589427947998,0.8315589427947998,0.9999974370002747,0.9999974370002747,,,1.2899264860898256,True
晋/021252394636-90_91-236&431_524&525-520&520_252&527_257&437_525&430-5_0_25_26_24_5_32-48-11.jpg,晋A120F8,ok,ok,晋A120F8,晋A120F8,0.8325771689414978,0.8325771689414978,0.9999889731407166,0.9999889731407166,,,1.3110599797219038,True
晋/0530-14_22-116&560_391&721-391&721_128&652_116&560_379&629-5_4_17_16_32_30_32-83-96.jpg,晋ETS868,ok,ok,晋ETS868,晋ETS868,0.8540771007537842,0.8540771007537842,0.9999986886978149,0.9999986886978149,,,1.3029557010158896,True
晋/0092-0_1-308&550_457&602-457&602_309&601_308&550_456&551-5_0_2_30_25_31_1-68-27.jpg,晋AC617B,ok,ok,晋AC617B,晋AC617B,0.8030696511268616,0.8030696511268616,0.9951959848403931,0.9951959848403931,,,1.3198924073949456,True
晋/0265-2_13-232&483_468&577-468&577_247&566_232&483_453&494-5_0_20_32_32_30_32-28-12.jpg,晋AW8868,ok,ok,晋AW8868,晋AW8868,0.8214660286903381,0.8214660286903381,0.9999735951423645,0.9999735951423645,,,1.3572396524250507,True
皖/07497605363984675-90_90-78&517_583&653-565&653_78&647_78&517_583&517-0_0_3_32_33_27_29_32-75-563.jpg,皖AD89358,error,error,,,,,,,ValueError: No license plate detected,ValueError: No license plate detected,0.19466503988951445,True
皖/0658745659722-92_89-107&442_574&584-573&584_123&565_107&442_574&450-0_0_3_24_30_25_29_25-116-332.jpg,皖AD06151,ok,ok,皖AD06151,皖AD06151,0.7995443344116211,0.7995443344116211,0.9998329877853394,0.9998329877853394,,,1.3391049327328801,True
皖/03574712643678161-93_251-187&470_498&575-498&575_206&547_187&470_482&491-0_0_3_27_30_25_32_32-79-112.jpg,皖AD36188,ok,ok,皖AD36188,皖AD36188,0.8854565620422363,0.8854565620422363,0.9989205598831177,0.9989205598831177,,,1.313638361170888,True
皖/06875-91_253-68&505_590&625-579&625_93&602_68&505_590&517-0_0_3_26_29_32_29_29-122-314.jpg,皖AD25855,ok,ok,皖AD25855,皖AD25855,0.8075025677680969,0.8075025677680969,0.9999451637268066,0.9999451637268066,,,1.3439299343153834,True
沪/0293576388889-90_93-216&460_520&558-516&558_216&558_223&460_520&466-1_0_5_1_32_32_24_25-145-57.jpg,沪AFB8801,ok,ok,沪AFB8801,沪AFB8801,0.8716334104537964,0.8716334104537964,0.9969564080238342,0.9969564080238342,,,1.3264012187719345,True
沪/0223090277778-91_259-270&403_527&491-527&491_282&481_270&403_524&410-1_0_3_30_26_30_26_32-188-105.jpg,沪AD62628,ok,ok,沪AD62628,沪AD62628,0.8886597752571106,0.8886597752571106,0.9977290630340576,0.9977290630340576,,,1.3500773683190346,True
沪/025547960069444445-91_250-217&479_494&572-494&572_241&557_217&479_480&485-1_0_3_30_25_32_26_32-141-112.jpg,沪AD61828,ok,ok,沪AD61828,沪AD61828,0.8903654217720032,0.8903654217720032,0.9995462894439697,0.9995462894439697,,,1.3417754359543324,True
沪/009137931034482759-90_266-307&558_466&610-462&610_307&610_310&558_466&559-1_0_3_4_25_25_24_31-97-62.jpg,沪ADE1107,ok,ok,沪ADE1107,沪ADE1107,0.8760990500450134,0.8760990500450134,0.9996269941329956,0.9996269941329956,,,1.3146848296746612,True
津/041666666666666664-90_263-127&511_475&620-475&616_138&620_127&512_470&511-2_0_5_25_29_28_32_32-140-714.jpg,津AF15488,ok,ok,津AF15488,津AF15488,0.8582276701927185,0.8582276701927185,0.999705970287323,0.999705970287323,,,1.3298627519980073,True
津/04083333333333333-90_257-156&489_562&581-554&576_174&581_156&489_562&490-2_0_3_31_29_26_29_25-172-21.jpg,津AD75251,ok,ok,津AD75251,津AD75251,0.8660433888435364,0.8660433888435364,0.9996851682662964,0.9996851682662964,,,1.3452864056453109,True
津/0376-23_24-306&369_490&540-490&540_307&459_306&369_489&450-2_9_6_30_24_30_26-64-29.jpg,津KG6062,ok,ok,津KG6062,津KG6062,0.8396585583686829,0.8396585583686829,0.9999855756759644,0.9999855756759644,,,1.3287322456017137,True
津/0727-18_13-184&565_485&767-476&767_184&671_193&565_485&661-2_0_6_18_24_24_26-103-275.jpg,津AGU002,ok,ok,津AGU002,津AGU002,0.8259868025779724,0.8259868025779724,0.9999877214431763,0.9999877214431763,,,1.323089704848826,True
渝/0377574233717-98_72-104&512_378&659-391&655_126&615_99&504_364&544-3_0_27_33_23_25_27-52-63.jpg,渝A39Z13,ok,ok,渝A39Z13,渝A39Z13,0.8458477854728699,0.8458477854728699,0.9997324347496033,0.9997324347496033,,,1.2926925355568528,True
渝/0377298850574-90_92-175&430_505&568-501&553_193&561_198&441_506&433-3_3_14_31_26_26_26-74-22.jpg,渝DQ7222,ok,ok,渝DQ7222,渝DQ7222,0.8283688426017761,0.8283688426017761,0.9999967217445374,0.9999967217445374,,,1.3107965923845768,True
渝/0188793103448-90_92-317&468_547&559-555&550_322&551_332&462_565&461-3_1_33_32_31_2_31-113-18.jpg,渝B987C7,ok,ok,渝B987C7,渝B987C7,0.8322013020515442,0.8322013020515442,0.9999908208847046,0.9999908208847046,,,1.315376440063119,True
渝/0508-18_8-273&337_520&509-520&432_290&509_273&414_503&337-3_5_26_4_27_27_27-162-141.jpg,渝F2E333,ok,ok,渝F2E333,渝F2E333,0.8439831733703613,0.8439831733703613,0.9999485015869141,0.9999485015869141,,,1.3086760258302093,True
冀/0076-3_3-279&466_400&519-400&511_279&519_279&474_400&466-4_0_20_27_33_26_20-136-27.jpg,冀AW392W,ok,ok,冀AW392W,冀AW392W,0.780436098575592,0.780436098575592,0.9999856352806091,0.9999856352806091,,,1.297578071244061,True
冀/0106-3_1-312&442_458&503-456&503_312&493_314&442_458&452-4_0_11_33_30_26_13-38-8.jpg,冀AM962P,ok,ok,冀AM962P,冀AM962P,0.7924988865852356,0.7924988865852356,0.9992637634277344,0.9992637634277344,,,1.306731435470283,True
冀/0148826628352-90_93-361&329_605&392-598&404_360&397_369&321_607&328-4_4_0_19_25_33_24-179-18.jpg,冀EAV190,ok,ok,冀EAV190,冀EAV190,0.8273655772209167,0.8273655772209167,0.9998742341995239,0.9998742341995239,,,1.313086749985814,True
蒙/0117049808429-90_89-362&463_574&535-564&534_363&529_365&462_566&467-6_10_7_9_33_29_33-186-22.jpg,蒙LHK959,ok,ok,蒙LHK959,蒙LHK959,0.8168984055519104,0.8168984055519104,0.9999617338180542,0.9999617338180542,,,1.317790076136589,True
冀/0585-21_43-240&435_500&623-500&623_279&534_240&435_461&524-4_8_22_16_32_29_32-105-52.jpg,冀JYS858,ok,ok,冀JYS858,冀JYS858,0.8376648426055908,0.8376648426055908,0.9987215995788574,0.9987215995788574,,,1.2993574375286698,True
蒙/0475933908046-86_94-214&456_572&594-572&572_223&601_227&474_576&445-6_9_23_22_33_27_30-121-141.jpg,蒙KZY936,ok,ok,蒙KZY936,蒙KZY936,0.8408465385437012,0.8408465385437012,0.9999966025352478,0.9999966025352478,,,1.3225070284679532,True
蒙/0747-4_11-124&448_567&589-567&589_136&553_124&448_555&484-6_6_16_30_30_31_32-78-288.jpg,蒙GS6678,ok,ok,蒙GS6678,蒙GS6678,0.7996576428413391,0.7996576428413391,0.9999932050704956,0.9999932050704956,,,1.3281304631382227,True
辽/0547-19_20-195&381_449&561-449&561_197&474_195&381_447&468-7_2_29_3_33_25_24-86-135.jpg,辽C5D910,ok,ok,辽C5D910,辽C5D910,0.825483500957489,0.825483500957489,0.999994695186615,0.999994695186615,,,1.3082742216065526,True
辽/0457-21_17-269&411_494&581-489&581_269&495_274&411_494&497-7_2_0_2_29_25_26-58-101.jpg,辽CAC512,ok,ok,辽CAC512,辽CAC512,0.8422837853431702,0.8422837853431702,0.986051619052887,0.986051619052887,,,1.324274300597608,True
辽/0521-15_29-166&443_445&599-445&599_187&527_166&443_424&515-7_0_33_27_27_6_4-125-56.jpg,辽A933GE,ok,ok,辽A933GE,辽A933GE,0.846153736114502,0.846153736114502,0.9999890923500061,0.9999890923500061,,,1.311102494597435,True
吉/0198-1_0-253&454_453&537-451&537_253&531_255&454_453&460-8_0_18_27_33_30_4-149-16.jpg,吉AU396E,ok,ok,吉AU396E,吉AU396E,0.8267204165458679,0.8267204165458679,0.9999842047691345,0.9999842047691345,,,1.3157108696177602,True
吉/0291-11_17-178&383_381&503-381&503_187&464_178&383_372&422-8_7_7_6_28_33_33-32-89.jpg,吉HHG499,ok,ok,吉HHG499,吉HHG499,0.8460411429405212,0.8460411429405212,0.9999642372131348,0.9999642372131348,,,1.294051667675376,True
吉/0129-7_3-460&474_610&546-606&546_460&526_464&474_610&494-8_0_7_27_30_30_12-99-33.jpg,吉AH366N,ok,ok,吉AH366N,吉AH366N,0.8263698816299438,0.8263698816299438,0.9999932050704956,0.9999932050704956,,,1.3130706269294024,True
黑/0067-0_1-323&498_451&542-451&542_324&542_323&498_450&498-9_0_31_14_29_30_25-55-17.jpg,黑A7Q561,ok,ok,黑A7Q561,黑A7Q561,0.782781183719635,0.782781183719635,0.9999982118606567,0.9999982118606567,,,1.3181932289153337,True
黑/0071-2_2-228&339_348&389-344&389_228&383_232&339_348&345-9_0_29_25_26_13_6-99-9.jpg,黑A512PG,ok,ok,黑A512PG,黑A512PG,0.7788209915161133,0.7788209915161133,0.9999971389770508,0.9999971389770508,,,1.2901967987418175,True
黑/0106-8_9-221&600_352&668-352&668_222&649_221&600_351&619-9_0_24_30_33_16_12-91-45.jpg,黑A069SN,ok,ok,黑A069SN,黑A069SN,0.7975353002548218,0.7975353002548218,0.9545311331748962,0.9545311331748962,,,1.301182983443141,True
苏/04796575670498084-90_257-165&526_578&632-576&632_185&625_165&526_578&531-10_2_3_24_25_26_29_33-164-56.jpg,苏CD01259,ok,ok,苏CD01259,苏CD01259,0.868776798248291,0.868776798248291,0.9728215932846069,0.9728215932846069,,,1.345858370885253,True
苏/3013467881944444444-88_90-240&483_454&547-454&538_256&547_240&492_454&483-10_1_3_24_27_30_31_30-200-250.jpg,苏BD03676,ok,ok,苏BD03676,苏BD03676,0.8646879196166992,0.8646879196166992,0.9984568357467651,0.9984568357467651,,,1.3319735266268253,True
苏/3037705078125-91_102-158&491_587&580-572&580_174&569_158&491_587&504-10_2_3_24_30_31_30_30-91-256.jpg,苏CD06766,wrong,wrong,苏AD06766,苏AD06766,0.8553075194358826,0.8553075194358826,0.9007893800735474,0.9007893800735474,,,1.3570786323398352,True
苏/029633620689655173-90_242-240&520_570&602-570&602_276&599_240&525_538&520-10_2_3_24_29_27_24_30-109-135.jpg,苏CD05306,ok,ok,苏CD05306,苏CD05306,0.8734107613563538,0.8734107613563538,0.9796720743179321,0.9796720743179321,,,1.3198546674102545,True
浙/0221354166667-87_99-223&466_463&559-456&544_223&559_226&474_463&466-11_0_5_24_26_33_32_26-165-162.jpg,浙AF02982,ok,ok,浙AF02982,浙AF02982,0.8991838097572327,0.8991838097572327,0.9828954935073853,0.9828954935073853,,,1.315655100159347,True
浙/303830078125-84_113-177&478_495&599-473&560_177&599_187&499_495&478-11_1_5_24_32_26_32_32-138-280.jpg,浙BF08288,ok,ok,浙BF08288,浙BF08288,0.8940578699111938,0.8940578699111938,0.993499755859375,0.993499755859375,,,1.3159041041508317,True
浙/3038138020833333335-90_97-182&477_530&587-520&583_182&587_187&477_530&491-11_4_3_24_27_30_30_33-89-25.jpg,浙ED03669,ok,ok,浙ED03669,浙ED03669,0.8622356653213501,0.8622356653213501,0.9934366941452026,0.9934366941452026,,,1.306516069918871,True
浙/021484375-90_262-185&395_449&477-449&477_194&467_185&395_437&398-11_0_5_24_32_27_29_26-118-189.jpg,浙AF08352,ok,ok,浙AF08352,浙AF08352,0.8962821960449219,0.8962821960449219,0.9857923984527588,0.9857923984527588,,,1.323906340636313,True
京/036027298850574714-90_263-200&513_554&606-554&605_210&606_200&513_549&513-12_0_3_7_27_33_24_30-81-162.jpg,京ADH3906,ok,ok,京ADH3906,京ADH3906,0.8714708685874939,0.8714708685874939,0.9998190999031067,0.9998190999031067,,,1.326842913404107,True
京/04224137931034483-92_237-136&500_496&607-496&607_182&586_136&500_465&515-12_0_3_6_28_27_32_24-166-42.jpg,京ADG4380,wrong,wrong,京AD44380,京AD44380,0.884447455406189,0.884447455406189,0.938392698764801,0.938392698764801,,,1.317280382849276,True
京/0083-0_0-306&462_449&511-448&511_306&510_307&462_449&463-12_13_30_31_30_4_25-99-8.jpg,京P676E1,ok,ok,京P676E1,京P676E1,0.7944204211235046,0.7944204211235046,0.9999964833259583,0.9999964833259583,,,1.2924401285126805,True
京/0522-20_7-362&575_603&756-603&673_385&756_362&658_580&575-12_12_31_14_3_30_30-68-95.jpg,京N7QD66,ok,ok,京N7QD66,京N7QD66,0.8332962393760681,0.8332962393760681,0.999930739402771,0.999930739402771,,,1.290990044362843,True
闽/0175682471264-90_85-227&494_459&580-454&577_223&578_228&493_459&492-13_3_18_27_33_27_27-72-22.jpg,闽DU3933,ok,ok,闽DU3933,闽DU3933,0.8260414600372314,0.8260414600372314,0.999998927116394,0.999998927116394,,,1.3079018304124475,True
闽/0505-15_29-255&488_519&648-497&580_255&648_277&556_519&488-13_3_9_27_7_30_31-121-105.jpg,闽DK3H67,ok,ok,闽DK3H67,闽DK3H67,0.8302318453788757,0.8302318453788757,0.9999880790710449,0.9999880790710449,,,1.3092906959354877,True
闽/0479-5_9-185&425_508&549-508&549_192&521_185&425_501&453-13_2_30_26_27_30_9-23-3.jpg,闽C6236K,ok,ok,闽C6236K,闽C6236K,0.8307533860206604,0.8307533860206604,0.999998927116394,0.999998927116394,,,1.3075948767364025,True
赣/0247-14_17-221&480_395&599-395&599_224&554_221&480_392&525-14_2_24_31_14_25_25-53-17.jpg,赣C07Q11,ok,ok,赣C07Q11,赣C07Q11,0.8315257430076599,0.8315257430076599,0.9937250018119812,0.9937250018119812,,,1.3001090893521905,True
赣/0078-1_2-232&561_366&610-365&607_232&610_233&564_366&561-14_11_18_24_33_30_30-109-14.jpg,赣MU0966,ok,ok,赣MU0966,赣MU0966,0.769343376159668,0.769343376159668,0.999148428440094,0.999148428440094,,,1.303788640536368,True
赣/0238-4_5-269&431_495&519-493&503_269&519_271&447_495&431-14_2_29_33_10_24_33-13-14.jpg,赣C59L09,ok,ok,赣C59L09,赣C59L09,0.8052492737770081,0.8052492737770081,0.9997090697288513,0.9997090697288513,,,1.3239385969936848,True
鲁/010208333333333333-87_251-336&496_483&560-472&536_336&560_350&506_483&496-15_14_3_26_24_30_26_25-80-6.jpg,鲁QD20621,ok,ok,鲁QD20621,鲁QD20621,0.8686680793762207,0.8686680793762207,0.9977408647537231,0.9977408647537231,,,1.3083102945238352,True
鲁/03486328125-90_259-158&390_515&489-515&489_175&489_158&390_510&390-15_1_5_24_29_32_31_30-123-65.jpg,鲁BF05876,ok,ok,鲁BF05876,鲁BF05876,0.8893945813179016,0.8893945813179016,0.9998137950897217,0.9998137950897217,,,1.3154039718210697,True
鲁/303364583333333333-88_97-210&411_533&516-526&504_212&516_210&411_533&411-15_1_3_24_24_25_24_33-186-205.jpg,鲁BD00109,ok,ok,鲁BD00109,鲁BD00109,0.9008593559265137,0.9008593559265137,0.9927871227264404,0.9927871227264404,,,1.3089982261881232,True
鲁/0558-15_32-250&451_531&617-531&617_278&546_250&451_503&522-15_14_22_24_2_25_31-129-59.jpg,鲁QY0C17,ok,ok,鲁QY0C17,鲁QY0C17,0.8356097936630249,0.8356097936630249,0.9411510825157166,0.9411510825157166,,,1.3123342245817184,True
豫/0366753472222-92_270-204&397_542&506-534&506_204&495_207&397_542&412-16_0_3_24_30_32_24_33-104-83.jpg,豫AD06809,wrong,wrong,皖AD06809,皖AD06809,0.8882991075515747,0.8882991075515747,0.9673737287521362,0.9673737287521362,,,1.3206495754420757,True
豫/0314-8_5-204&420_423&540-423&509_209&540_204&451_418&420-16_15_25_7_29_29_26-162-24.jpg,豫R1H552,ok,ok,豫R1H552,豫R1H552,0.836798906326294,0.836798906326294,0.9999942779541016,0.9999942779541016,,,1.2838604440912604,True
豫/0260-5_11-284&497_513&592-513&592_292&572_284&497_505&517-16_16_16_24_30_26_29-31-4.jpg,豫SS0625,ok,ok,豫SS0625,豫SS0625,0.826285719871521,0.826285719871521,0.9999580383300781,0.9999580383300781,,,1.293983032926917,True
豫/0430-6_7-181&449_462&577-462&577_184&547_181&449_459&479-16_0_11_31_31_24_22-28-11.jpg,豫AM770Y,ok,ok,豫AM770Y,豫AM770Y,0.8331958055496216,0.8331958055496216,0.999994158744812,0.999994158744812,,,1.3074950575828552,True
鄂/3038736979166666664-89_92-192&378_532&493-531&483_201&493_192&378_532&387-17_9_5_25_25_25_25_24-147-265.jpg,鄂KF11110,ok,ok,鄂KF11110,鄂KF11110,0.8748655319213867,0.8748655319213867,0.9999597072601318,0.9999597072601318,,,1.3180937357246876,True
鄂/02255859375-90_267-183&469_453&553-452&553_183&549_186&469_453&473-17_8_5_26_24_33_32_32-165-144.jpg,鄂JF20988,ok,ok,鄂JF20988,鄂JF20988,0.889792263507843,0.889792263507843,0.9997366666793823,0.9997366666793823,,,1.3105953456833959,True
鄂/0835-18_23-136&425_470&634-470&634_145&526_136&425_461&533-17_5_1_26_16_32_32-108-43.jpg,鄂FB2S88,ok,ok,鄂FB2S88,鄂FB2S88,0.8108030557632446,0.8108030557632446,0.9999951720237732,0.9999951720237732,,,1.3184472396969795,True
湘/053005268199233714-91_258-123&506_589&610-581&610_140&605_123&506_589&516-18_4_3_30_30_30_30_30-148-544.jpg,湘ED66666,ok,ok,湘ED66666,湘ED66666,0.8284685015678406,0.8284685015678406,0.9913119673728943,0.9913119673728943,,,1.321425300091505,True
湘/0168-2_0-350&424_540&498-540&490_353&498_350&432_537&424-18_1_32_16_5_25_24-79-17.jpg,湘B8SF10,ok,ok,湘B8SF10,湘B8SF10,0.8199753165245056,0.8199753165245056,0.9999944567680359,0.9999944567680359,,,1.3018137067556381,True
湘/1165-8_6-152&397_607&611-602&611_152&543_157&397_607&465-18_2_25_10_21_24_25-146-198.jpg,湘C1LX01,ok,ok,湘C1LX01,湘C1LX01,0.7698238492012024,0.7698238492012024,0.9999971985816956,0.9999971985816956,,,1.3011914985254407,True
粤/07646267361111111-94_254-163&425_609&598-609&598_185&543_163&425_609&461-19_1_3_29_24_28_33_30-187-40.jpg,粤BD50496,wrong,wrong,粤AD50496,粤AD50496,0.8248461484909058,0.8248461484909058,0.9252709746360779,0.9252709746360779,,,1.319004476070404,True
粤/0263639322917-89_266-243&437_516&535-510&519_243&535_247&443_516&437-19_1_5_28_27_25_26_33-222-36.jpg,粤BF43129,ok,ok,粤BF43129,粤BF43129,0.8849924206733704,0.8849924206733704,0.9997246265411377,0.9997246265411377,,,1.3014228334650397,True
粤/303923394097222222-91_114-213&410_571&520-571&520_244&512_213&410_533&419-19_1_5_24_33_30_24_31-81-41.jpg,粤BF09607,ok,ok,粤BF09607,粤BF09607,0.884682297706604,0.884682297706604,0.9999879002571106,0.9999879002571106,,,1.2960531497374177,True
粤/304765625-91_264-166&441_532&572-520&567_166&572_176&441_532&451-19_1_5_29_32_29_29_31-121-216.jpg,粤BF58557,ok,ok,粤BF58557,粤BF58557,0.879785418510437,0.879785418510437,0.9999293088912964,0.9999293088912964,,,1.2999664917588234,True
桂/0192337164751-91_83-188&426_479&507-484&514_200&496_201&415_485&433-20_1_23_19_33_33_24-148-9.jpg,桂BZV990,ok,ok,桂BZV990,桂BZV990,0.829055905342102,0.829055905342102,0.9995666146278381,0.9995666146278381,,,1.3055685544386506,True
桂/0271-9_5-342&434_558&539-553&539_342&505_347&434_558&468-20_15_4_27_27_29_26-131-93.jpg,桂RE3352,ok,ok,桂RE3352,桂RE3352,0.8176391124725342,0.8176391124725342,0.9999448657035828,0.9999448657035828,,,1.3028198843821883,True
桂/026877394636-91_92-184&501_449&595-455&604_193&583_203&496_465&517-20_0_18_23_33_27_24-122-83.jpg,桂AUZ930,ok,ok,桂AUZ930,桂AUZ930,0.8320522904396057,0.8320522904396057,0.9999939203262329,0.9999939203262329,,,1.3017334677278996,True
琼/0157255747126-92_86-233&479_455&561-457&569_231&558_224&476_450&487-21_0_27_1_29_31_25-122-24.jpg,琼A3B571,ok,ok,琼A3B571,琼A3B571,0.8260475397109985,0.8260475397109985,0.9999834895133972,0.9999834895133972,,,1.3172568073496222,True
琼/0221767241379-100_77-220&463_435&565-424&563_228&533_219&457_415&487-21_0_17_7_26_31_30-137-52.jpg,琼ATH276,ok,ok,琼ATH276,琼ATH276,0.8306756615638733,0.8306756615638733,0.9999573826789856,0.9999573826789856,,,1.295503044500947,True
琼/0285-6_9-117&590_346&694-346&694_121&667_117&590_342&617-21_1_10_25_29_24_31-64-19.jpg,琼BL1507,ok,ok,琼BL1507,琼BL1507,0.8306596875190735,0.8306596875190735,0.9990896582603455,0.9990896582603455,,,1.2881476115435362,True
川/0235524425288-91_88-204&403_486&501-503&499_215&495_219&398_507&402-22_21_33_24_30_26_25-174-34.jpg,川X90621,ok,ok,川X90621,川X90621,0.8343618512153625,0.8343618512153625,0.9999644160270691,0.9999644160270691,,,1.2829061262309551,True
川/0368-15_25-241&468_467&604-452&547_241&604_256&525_467&468-22_0_25_27_27_19_19-97-62.jpg,川A133VV,ok,ok,川A133VV,川A133VV,0.837879478931427,0.837879478931427,0.9999861717224121,0.9999861717224121,,,1.288697007112205,True
川/0123275862069-90_90-239&480_462&546-460&550_237&547_236&482_459&485-22_0_6_30_33_1_33-122-14.jpg,川AG69B9,ok,ok,川AG69B9,川AG69B9,0.8177590370178223,0.8177590370178223,0.9999886751174927,0.9999886751174927,,,1.301555254496634,True
贵/04084051724137931-91_259-158&515_537&613-535&613_172&605_158&515_537&525-23_7_5_25_25_25_25_25-111-233.jpg,贵HF11111,ok,ok,贵HF11111,贵HF11111,0.851904034614563,0.851904034614563,0.9695861339569092,0.9695861339569092,,,1.3184932535514235,True
贵/0421-7_8-86&465_347&600-347&600_87&564_86&465_346&501-23_3_0_23_33_29_27-13-23.jpg,贵DAZ953,ok,ok,贵DAZ953,贵DAZ953,0.8201278448104858,0.8201278448104858,0.9999985098838806,0.9999985098838806,,,1.3044099360704422,True
贵/0145-1_4-227&538_411&604-405&604_227&600_233&538_411&542-23_8_12_16_25_33_24-150-13.jpg,贵JNS190,ok,ok,贵JNS190,贵JNS190,0.8119905591011047,0.8119905591011047,0.9999960660934448,0.9999960660934448,,,1.3041635323315859,True
贵/0937-17_15-82&368_424&597-419&597_82&490_87&368_424&475-23_5_3_28_25_26_27-105-135.jpg,贵FD4123,ok,ok,贵FD4123,贵FD4123,0.8072137236595154,0.8072137236595154,0.9999990463256836,0.9999990463256836,,,1.3261671122163534,True
云/0618-15_29-156&345_453&519-453&519_182&446_156&345_427&418-24_0_29_10_10_31_31-106-75.jpg,云A5LL77,ok,ok,云A5LL77,云A5LL77,0.845795750617981,0.845795750617981,0.9997682571411133,0.9997682571411133,,,1.2915692375972867,True
云/0175-7_2-355&443_536&524-526&524_355&501_365&443_536&466-24_7_19_25_33_31_29-156-53.jpg,云HV1975,ok,ok,云HV1975,云HV1975,0.824944257736206,0.824944257736206,0.9999956488609314,0.9999956488609314,,,1.2908531911671162,True
云/0330-5_1-267&448_516&559-509&559_267&534_274&448_516&473-24_0_19_4_33_25_25-114-15.jpg,云AVE911,ok,ok,云AVE911,云AVE911,0.8369691371917725,0.8369691371917725,0.9997502565383911,0.9997502565383911,,,1.2831060290336609,True
藏/0211494252874-91_81-251&454_526&548-542&559_265&545_245&454_522&468-25_0_1_14_29_30_33-165-70.jpg,藏ABQ569,wrong,wrong,桂ABQ569,桂ABQ569,0.814010500907898,0.814010500907898,0.9399189352989197,0.9399189352989197,,,1.304843844845891,True
陕/0061-0_3-469&415_594&456-592&455_469&456_471&416_594&415-26_2_22_29_25_32_25-51-23.jpg,陕CY5181,ok,ok,陕CY5181,陕CY5181,0.7879083156585693,0.7879083156585693,0.9991956353187561,0.9991956353187561,,,1.3193587446585298,True
陕/0210-10_5-460&480_645&575-627&575_460&543_478&480_645&512-26_0_10_0_30_33_33-36-32.jpg,陕ALA699,ok,ok,陕ALA699,陕ALA699,0.8263758420944214,0.8263758420944214,0.9999566674232483,0.9999566674232483,,,1.2873324444517493,True
陕/0388-20_37-187&529_399&682-375&610_187&682_211&601_399&529-26_0_22_25_29_33_15-97-188.jpg,陕AY159R,ok,ok,陕AY159R,陕AY159R,0.8343222737312317,0.8343222737312317,0.9999867677688599,0.9999867677688599,,,1.2983938362449408,True
甘/0422-38_43-396&377_561&591-561&591_404&466_396&377_553&502-27_0_29_27_30_22_30-116-56.jpg,甘A536Y6,ok,ok,甘A536Y6,甘A536Y6,0.8134416937828064,0.8134416937828064,0.9999930262565613,0.9999930262565613,,,1.2993992334231734,True
甘/0111-12_15-309&512_431&588-431&588_311&561_309&512_429&539-27_0_18_29_25_31_33-112-27.jpg,甘AU5179,ok,ok,甘AU5179,甘AU5179,0.7898805737495422,0.7898805737495422,0.9999312162399292,0.9999312162399292,,,1.2906377585604787,True
甘/0183-3_5-325&395_529&470-519&470_325&459_335&395_529&406-27_9_5_24_31_31_24-147-15.jpg,甘KF0770,ok,ok,甘KF0770,甘KF0770,0.8244110345840454,0.8244110345840454,0.9999884963035583,0.9999884963035583,,,1.2875051843002439,True
青/0410-10_19-147&347_403&481-403&481_160&434_147&347_390&394-28_0_10_2_29_30_32-52-41.jpg,青ALC568,ok,ok,青ALC568,青ALC568,0.8384811282157898,0.8384811282157898,0.9999917149543762,0.9999917149543762,,,1.293958030641079,True
青/0375670498084-97_70-76&508_369&651-387&656_81&600_58&499_364&555-28_0_18_5_29_29_26-66-74.jpg,青AUF552,ok,ok,青AUF552,青AUF552,0.8458943963050842,0.8458943963050842,0.9999924898147583,0.9999924898147583,,,1.295626507140696,True
青/01125-91_81-215&525_410&590-405&593_231&585_220&517_394&525-28_0_4_25_26_24_27-134-21.jpg,青AE1203,wrong,wrong,鲁AE1203,鲁AE1203,0.8159019947052002,0.8159019947052002,0.9043918251991272,0.9043918251991272,,,1.3042398821562529,True
宁/0240625-89_269-231&357_495&449-495&437_233&449_231&367_490&357-29_0_5_25_31_29_29_29-101-79.jpg,宁AF17555,ok,ok,宁AF17555,宁AF17555,0.883621096611023,0.883621096611023,0.9400352239608765,0.9400352239608765,,,1.3054186971858144,True
宁/0416-0_2-336&350_661&457-656&457_336&453_341&350_661&354-29_0_21_32_25_28_30-72-23.jpg,宁AX8146,ok,ok,宁AX8146,宁AX8146,0.8341498374938965,0.8341498374938965,0.9366888403892517,0.9366888403892517,,,1.3173449076712132,True
宁/0221-1_0-242&572_473&652-471&652_242&646_244&572_473&578-29_0_21_29_28_25_31-20-22.jpg,宁AX5417,ok,ok,宁AX5417,宁AX5417,0.8143733143806458,0.8143733143806458,0.9999988675117493,0.9999988675117493,,,1.3267910266295075,True
新/0216-12_4-334&523_497&634-497&601_344&634_334&556_487&523-30_15_32_0_24_24_25-48-17.jpg,新R8A001,ok,ok,新R8A001,新R8A001,0.8386543989181519,0.8386543989181519,0.9999966025352478,0.9999966025352478,,,1.2896557543426752,True
新/00962164750958-90_87-229&463_409&521-412&525_236&524_239&464_415&465-30_0_11_6_24_25_24-127-53.jpg,新AMG010,ok,ok,新AMG010,新AMG010,0.8151848912239075,0.8151848912239075,0.9718627333641052,0.9718627333641052,,,1.3109572567045689,True
新/0144612068966-90_87-210&518_418&591-423&599_215&584_223&508_431&523-30_0_6_20_30_30_32-176-26.jpg,新AGW668,ok,ok,新AGW668,新AGW668,0.829931914806366,0.829931914806366,0.9432209730148315,0.9432209730148315,,,1.2927809022367,True
